id_restaurante,nombre,direccion,n_resenas,valoracion_google,avg_estrellas_modelo,pct_positivo,pct_neutro,pct_negativo,n_resenas_negativas,n_baja_confianza,estrellas_5,estrellas_4,estrellas_3,estrellas_2,estrellas_1,servicio_menciones,comida_menciones,ambiente_menciones,precio_menciones,velocidad_menciones,ruido_menciones,limpieza_menciones,ninos_menciones,mascotas_menciones,terraza_menciones,vistas_menciones,musica_directo_menciones,romantico_menciones,servicio_pct,comida_pct,ambiente_pct,precio_pct,velocidad_pct,ruido_pct,limpieza_pct,ninos_pct,mascotas_pct,terraza_pct,vistas_pct,musica_directo_pct,romantico_pct,servicio_pos,comida_pos,ambiente_pos,precio_pos,velocidad_pos,ruido_pos,limpieza_pos,ninos_pos,mascotas_pos,terraza_pos,vistas_pos,musica_directo_pos,romantico_pos,servicio_neg,comida_neg,ambiente_neg,precio_neg,velocidad_neg,ruido_neg,limpieza_neg,ninos_neg,mascotas_neg,terraza_neg,vistas_neg,musica_directo_neg,romantico_neg,servicio_avg_stars,comida_avg_stars,ambiente_avg_stars,precio_avg_stars,velocidad_avg_stars,ruido_avg_stars,limpieza_avg_stars,ninos_avg_stars,mascotas_avg_stars,terraza_avg_stars,vistas_avg_stars,musica_directo_avg_stars,romantico_avg_stars,servicio_rep,comida_rep,ambiente_rep,precio_rep,velocidad_rep,ruido_rep,limpieza_rep,ninos_rep,mascotas_rep,terraza_rep,vistas_rep,musica_directo_rep,romantico_rep,criterio_ninos,criterio_mascotas,criterio_terraza,criterio_vistas,criterio_musica_directo,criterio_romantico,top5_platos,todos_platos,personal_destacado,terminos_tfidf
1,Los Montes de Galicia,"Calle Azcona, 46",90,4.8,4.844,97.8,1.1,1.1,1,16,79,9,1,1,0,82,81,20,4,5,1,0,4,27,3,1,1,23,91.1,90.0,22.2,4.4,5.6,1.1,0.0,4.4,30.0,3.3,1.1,1.1,25.6,80,79,20,3,5,1,0,4,27,2,1,1,23,1,1,0,0,0,0,0,0,0,1,0,0,0,4.83,4.83,4.9,4.0,4.8,5.0,,5.0,5.0,4.0,5.0,5.0,4.83,True,True,True,False,False,False,False,False,True,False,False,False,True,False,False,False,False,False,False,"pulpo(9), lomo bajo(5), lubina(4), atún rojo(2), atun(1)","pulpo(9), lomo bajo(5), lubina(4), atún rojo(2), atun(1), callos(1), torrijas(1), navajas(1), carrillera(1), chipirones(1), foie(1), tiradito(1), txangurro(1), pluma(1), arroz(1)",,"comida, manuel, servicio, atención, trato"
2,Kathmandu Tandoori House,"Calle Acuario, 11",90,4.9,4.756,94.4,1.1,4.4,4,15,81,4,1,0,4,55,76,6,15,15,0,2,6,22,1,0,0,0,61.1,84.4,6.7,16.7,16.7,0.0,2.2,6.7,24.4,1.1,0.0,0.0,0.0,54,74,5,14,14,0,2,6,21,1,0,0,0,0,1,0,1,0,0,0,0,1,0,0,0,0,4.91,4.88,4.67,4.67,4.87,,5.0,5.0,4.77,5.0,,,,True,True,False,True,True,False,False,False,True,False,False,False,False,False,False,False,False,False,False,"tikka masala(11), biryani(7), naan queso(7), cordero(6), masala naan(4)","tikka masala(11), biryani(7), naan queso(7), cordero(6), masala naan(4), curry(3), queso arroz(3), korma(2), gambas(1), tandoori(1), lasaña(1), samosa(1)",,"comida, pollo, buena, barajas, servicio"
3,Grama Lounge,"Calle de la Cruz, 19",90,4.8,4.667,93.3,0.0,6.7,6,16,75,9,0,3,3,69,52,23,6,10,5,2,5,24,5,0,0,10,76.7,57.8,25.6,6.7,11.1,5.6,2.2,5.6,26.7,5.6,0.0,0.0,11.1,64,49,22,6,8,5,2,5,24,5,0,0,8,5,3,1,0,2,0,0,0,0,0,0,0,2,4.62,4.69,4.74,4.83,4.4,5.0,4.5,5.0,4.83,4.8,,,4.2,True,True,True,False,True,False,False,False,True,False,False,False,True,False,False,False,False,False,False,"arepas(12), tequeños(5), fajitas(2), cachapas(2), sangria(2)","arepas(12), tequeños(5), fajitas(2), cachapas(2), sangria(2), guacamole(1), margarita(1), cochinillo(1), pabellón(1)",,"comida, atención, excelente, junior, gianfranco"
4,Sakale,"Calle del molino de viento, 4",90,4.8,4.789,95.6,0.0,4.4,4,8,81,5,0,2,2,63,68,17,6,9,10,0,3,24,0,1,0,10,70.0,75.6,18.9,6.7,10.0,11.1,0.0,3.3,26.7,0.0,1.1,0.0,11.1,61,65,17,3,8,10,0,3,23,0,1,0,8,2,3,0,3,1,0,0,0,1,0,0,0,2,4.86,4.78,4.94,3.33,4.56,5.0,,4.67,4.79,,5.0,,4.2,True,True,True,False,False,True,False,False,True,False,False,False,True,False,False,False,False,False,False,"fajitas(2), margarita(2), arroz frito(2), nachos(1), atún(1)","fajitas(2), margarita(2), arroz frito(2), nachos(1), atún(1), salmón(1), mojito(1), sangría(1)",,"comida, sushi, alejandro, atención, buena"
5,Zenith Caffè - Valverde,"Calle Valverde, 28",93,4.8,4.505,89.2,1.1,9.7,9,14,71,12,1,4,5,70,76,13,10,21,4,4,3,19,3,1,0,8,75.3,81.7,14.0,10.8,22.6,4.3,4.3,3.2,20.4,3.2,1.1,0.0,8.6,69,73,13,8,16,2,4,3,17,2,1,0,7,0,2,0,2,4,2,0,0,2,0,0,0,1,4.8,4.75,4.77,4.2,4.24,3.25,4.75,4.33,4.58,4.0,5.0,,4.25,True,True,True,True,True,False,False,False,True,False,False,False,False,False,False,False,False,False,False,"salmón(1), quesadilla(1)","salmón(1), quesadilla(1)",,"comida, lugar, servicio, atención, buena"
6,Tabernas El Sur,"Calle Torrecillas del Leal, 12",93,4.7,4.688,94.6,2.2,3.2,3,16,75,13,2,0,3,65,67,28,9,8,8,0,1,4,1,0,0,9,69.9,72.0,30.1,9.7,8.6,8.6,0.0,1.1,4.3,1.1,0.0,0.0,9.7,64,66,28,9,8,8,0,1,4,1,0,0,9,0,0,0,0,0,0,0,0,0,0,0,0,0,4.83,4.81,4.71,4.56,4.88,5.0,,5.0,5.0,5.0,,,4.89,True,True,True,False,False,False,False,False,False,False,False,False,False,False,False,False,False,False,False,"lomo bajo(4), pulpo(3), risotto(3), cheesecake(2), mojito(2)","lomo bajo(4), pulpo(3), risotto(3), cheesecake(2), mojito(2), gambas(2), ordenamos secreto(2), jamón ibérico(2), empanadas(2), tortilla(1), tarta(1), pimientos(1), vermut(1)",,"comida, excelente, servicio, jhoan, ambiente"
7,Taberna El Sur De Huertas,"Calle de las huertas, 24",93,4.8,4.591,91.4,1.1,7.5,7,16,76,9,1,1,6,67,71,23,15,11,5,1,4,21,0,0,0,2,72.0,76.3,24.7,16.1,11.8,5.4,1.1,4.3,22.6,0.0,0.0,0.0,2.2,65,67,23,15,10,5,1,4,21,0,0,0,2,2,3,0,0,1,0,0,0,0,0,0,0,0,4.79,4.7,4.87,4.8,4.36,4.8,5.0,4.5,5.0,,,,5.0,True,True,True,True,True,False,False,False,True,False,False,False,False,False,False,False,False,False,False,"pulpo(6), risotto(5), bacalao(3), gambas(3), calamares(2)","pulpo(6), risotto(5), bacalao(3), gambas(3), calamares(2), croquetas(2), lomo(2), empanadas argentinas(2), patatas bravas(2), arroz(1), sangría(1), chipirones(1), tortilla(1), jamón(1), salmorejo(1)",,"comida, buena, excelente, atención, camareros"
8,Taberna Más Al Sur,"Calle Santa Isabel, 35",93,4.7,4.656,92.5,1.1,6.5,6,10,80,6,1,0,6,70,76,24,15,8,3,1,6,19,4,0,0,17,75.3,81.7,25.8,16.1,8.6,3.2,1.1,6.5,20.4,4.3,0.0,0.0,18.3,68,72,23,15,7,3,1,6,18,3,0,0,17,2,3,1,0,1,0,0,0,1,1,0,0,0,4.83,4.74,4.75,4.87,4.25,5.0,5.0,4.83,4.79,3.5,,,4.94,True,True,True,True,False,False,False,False,True,False,False,False,True,False,False,False,False,False,False,"croquetas(6), sangria(6), jamón(3), tarta(2), empanadas(2)","croquetas(6), sangria(6), jamón(3), tarta(2), empanadas(2), chipirones(2), bacalao(1), pimientos(1), calamares(1), vermut(1), gambas(1), pulpo(1), salmón(1), solomillo(1)",,"comida, excelente, amable, servicio, buena"
9,Inclán Brutal Bar,"Calle de Álvarez Gato, 4",90,4.7,4.622,90.0,3.3,6.7,6,18,73,8,3,4,2,67,57,29,9,3,2,0,2,31,1,1,0,12,74.4,63.3,32.2,10.0,3.3,2.2,0.0,2.2,34.4,1.1,1.1,0.0,13.3,62,50,25,5,2,2,0,2,28,1,0,0,11,4,4,2,4,1,0,0,0,3,0,0,0,1,4.69,4.54,4.48,3.56,3.67,4.5,,5.0,4.58,5.0,3.0,,4.58,True,True,True,False,False,False,False,False,True,False,False,False,True,False,False,False,False,False,False,"zamburiñas(5), croquetas(5), risotto(4), arroz(2), paella(2)","zamburiñas(5), croquetas(5), risotto(4), arroz(2), paella(2), pasta(1), sangria(1), negroni(1), lasaña(1), jamón(1), pulpo(1)",,"comida, servicio, experiencia, lugar, excelente"
10,SteakBurger Gran Vía 16,"Calle Gran Vía, 16",96,4.7,3.479,60.4,4.2,35.4,34,16,47,11,4,9,25,66,60,18,15,22,2,4,5,22,5,0,0,9,68.8,62.5,18.8,15.6,22.9,2.1,4.2,5.2,22.9,5.2,0.0,0.0,9.4,47,42,15,12,12,2,2,3,13,2,0,0,5,18,14,2,3,9,0,2,2,9,3,0,0,3,3.85,3.9,4.33,4.2,3.27,4.0,2.75,3.4,3.5,2.8,,,3.67,True,True,True,True,True,False,False,False,True,False,False,False,False,False,False,False,False,False,False,"nachos(6), filete(3), guacamole(2), papas fritas(2), lomo(1)","nachos(6), filete(3), guacamole(2), papas fritas(2), lomo(1), tarta(1), quesadilla(1), costillar(1), tortilla(1), croquetas(1)",,"comida, servicio, buena, excelente, hamburguesas"
11,Pastamore Alcalá,"Calle de Alcalá, 191",90,4.9,4.933,100.0,0.0,0.0,0,7,84,6,0,0,0,74,71,18,35,8,3,1,6,22,2,0,0,14,82.2,78.9,20.0,38.9,8.9,3.3,1.1,6.7,24.4,2.2,0.0,0.0,15.6,74,71,18,35,8,3,1,6,22,2,0,0,14,0,0,0,0,0,0,0,0,0,0,0,0,0,4.96,4.94,4.89,4.94,4.88,4.67,5.0,4.83,4.86,5.0,,,4.93,True,True,True,True,False,False,False,False,True,False,False,False,True,False,False,False,False,False,False,"tiramisú(11), pasta(6), pizza carbonara(4), risotto(2), lasaña(1)","tiramisú(11), pasta(6), pizza carbonara(4), risotto(2), lasaña(1), pulpo(1), mojito(1), margarita(1), tequeños(1), brownie(1)",,"comida, diana, atención, excelente, servicio"
12,El Sur de Moratín,"Calle Moratín, 19",93,4.8,4.667,92.5,3.2,4.3,4,13,77,9,3,0,4,68,61,29,16,5,4,0,4,19,2,0,0,9,73.1,65.6,31.2,17.2,5.4,4.3,0.0,4.3,20.4,2.2,0.0,0.0,9.7,66,58,29,16,4,4,0,4,19,2,0,0,8,0,1,0,0,0,0,0,0,0,0,0,0,0,4.81,4.77,4.86,4.94,4.4,4.75,,5.0,4.95,5.0,,,4.67,True,True,True,True,False,False,False,False,True,False,False,False,False,False,False,False,False,False,False,"risotto(6), pulpo(4), croquetas(4), tortilla(2), jamón(2)","risotto(6), pulpo(4), croquetas(4), tortilla(2), jamón(2), hummus(1), chipirones(1), lomo(1), bacalao(1), berenjenas(1), salmón(1), sangria(1), calamares(1)",,"comida, alberto, excelente, atención, buena"
13,SteakBurger Arenal I Hamburguesas Madrid,"Calle del arenal, 26",90,4.8,4.511,91.1,2.2,6.7,6,22,65,17,2,1,5,65,60,24,14,12,5,4,7,19,1,0,0,10,72.2,66.7,26.7,15.6,13.3,5.6,4.4,7.8,21.1,1.1,0.0,0.0,11.1,61,56,24,11,9,5,4,6,17,1,0,0,9,4,3,0,1,2,0,0,0,2,0,0,0,1,4.58,4.55,4.75,4.21,4.0,4.8,5.0,4.43,4.37,4.0,,,4.1,True,True,True,True,True,False,False,False,True,False,False,False,True,False,False,False,False,False,False,"nachos(4), papas fritas(3), sangría(3), solomillo(2), filete(1)","nachos(4), papas fritas(3), sangría(3), solomillo(2), filete(1), guacamole(1)",,"comida, nicole, servicio, atención, hamburguesa"
14,Ástor,"Calle del almendro, 9",90,4.8,4.756,94.4,1.1,4.4,4,16,79,6,1,2,2,73,80,31,13,12,5,0,7,29,6,1,0,25,81.1,88.9,34.4,14.4,13.3,5.6,0.0,7.8,32.2,6.7,1.1,0.0,27.8,71,76,31,11,10,5,0,7,29,5,1,0,25,1,4,0,2,2,0,0,0,0,1,0,0,0,4.88,4.75,4.84,4.38,4.25,5.0,,5.0,4.93,4.0,4.0,,4.92,True,True,True,True,True,False,False,False,True,False,False,False,True,False,False,False,False,False,False,"filete(5), mejillones(4), pasta(4), ceviche frito(4), curry(2)","filete(5), mejillones(4), pasta(4), ceviche frito(4), curry(2), chorizo(2), salmón(2), bacalao(2), costillar(2), tagliatelle(1), cecina(1), flan(1), hummus(1), lomo(1), tarta(1)",,"comida, servicio, excelente, experiencia, atención"
15,Azotea Forus Barceló,"Calle de Barceló, 6",90,4.8,4.622,90.0,4.4,5.6,5,17,72,9,4,3,2,71,36,28,15,5,4,1,8,15,14,19,0,10,78.9,40.0,31.1,16.7,5.6,4.4,1.1,8.9,16.7,15.6,21.1,0.0,11.1,64,31,25,14,5,4,1,8,14,13,17,0,10,3,3,2,1,0,0,0,0,1,0,1,0,0,4.65,4.47,4.57,4.67,4.8,4.75,5.0,4.75,4.6,4.86,4.58,,4.8,True,True,True,True,False,False,False,False,True,True,True,False,True,False,False,False,False,False,False,"nachos(3), guacamole(2), pasta(2), salmón(1), arroz(1)","nachos(3), guacamole(2), pasta(2), salmón(1), arroz(1), tarta(1), jamón(1)",,"laura, servicio, atención, lugar, buen"
16,Oven Mozzarella Preciados,"Calle Preciados, 11",93,4.8,4.548,89.2,1.1,9.7,9,8,77,6,1,2,7,74,73,18,12,7,3,2,4,25,2,1,0,13,79.6,78.5,19.4,12.9,7.5,3.2,2.2,4.3,26.9,2.2,1.1,0.0,14.0,69,67,17,8,5,3,2,4,23,1,1,0,11,4,5,1,4,2,0,0,0,2,1,0,0,2,4.69,4.64,4.72,3.75,4.14,5.0,5.0,5.0,4.6,3.0,5.0,,4.46,True,True,True,True,False,False,False,False,True,False,False,False,True,False,False,False,False,False,False,"pasta(9), sangría(3), carbonara(3), tiramisú(2), tagliatelle(1)","pasta(9), sangría(3), carbonara(3), tiramisú(2), tagliatelle(1), risotto(1), espaguetis(1), croquetas(1), salmón(1), focaccia(1)",,"comida, atención, servicio, maría, excelente"
17,SteakBurger Fuencarral,"Calle Fuencarral, 73",90,4.7,4.767,95.6,2.2,2.2,2,13,76,10,2,1,1,67,54,9,6,11,0,0,6,19,0,0,0,2,74.4,60.0,10.0,6.7,12.2,0.0,0.0,6.7,21.1,0.0,0.0,0.0,2.2,64,53,9,4,10,0,0,6,18,0,0,0,2,2,0,0,1,1,0,0,0,1,0,0,0,0,4.79,4.85,4.89,3.83,4.64,,,5.0,4.74,,,,5.0,True,True,False,False,True,False,False,False,True,False,False,False,False,False,False,False,False,False,False,"nachos(6), costillar(4), helado(1), solomillo(1), croquetas(1)","nachos(6), costillar(4), helado(1), solomillo(1), croquetas(1), tarta(1), lomo(1)",,"comida, atención, hamburguesa, excelente, buena"
18,Steakburger Atocha | Hamburguesas Madrid,"Calle Atocha, 110",90,4.7,4.178,77.8,7.8,14.4,13,17,59,11,7,3,10,67,67,18,13,8,5,2,4,21,6,0,0,5,74.4,74.4,20.0,14.4,8.9,5.6,2.2,4.4,23.3,6.7,0.0,0.0,5.6,56,54,14,9,5,4,2,3,16,4,0,0,3,8,7,2,1,2,0,0,1,4,2,0,0,2,4.33,4.34,4.11,3.85,3.75,4.4,5.0,3.75,4.19,3.67,,,3.4,True,True,True,True,False,False,False,False,True,False,False,False,False,False,False,False,False,False,False,"nachos(5), filete(2), pimientos(2), lomo bajo(2), sangria(2)","nachos(5), filete(2), pimientos(2), lomo bajo(2), sangria(2), guacamole(1), helado(1), solomillo(1), jamón(1), tarta(1), tandoori(1)",,"comida, buena, servicio, hamburguesa, hamburguesas"
19,Trattoria Pulcinella,"Calle regueros, 7",96,4.7,4.292,81.2,7.3,11.5,11,20,67,11,7,1,10,63,63,26,14,13,2,0,11,18,1,2,0,12,65.6,65.6,27.1,14.6,13.5,2.1,0.0,11.5,18.8,1.0,2.1,0.0,12.5,56,55,21,8,8,1,0,10,15,0,1,0,12,2,2,1,2,3,0,0,1,0,1,0,0,0,4.6,4.54,4.35,3.79,3.69,4.0,,4.64,4.44,2.0,4.0,,4.75,True,True,True,True,True,False,False,True,True,False,False,False,True,False,False,False,False,False,False,"pasta(12), carbonara(5), lasaña(4), tiramisú(4), tagliatelle(3)","pasta(12), carbonara(5), lasaña(4), tiramisú(4), tagliatelle(3), solomillo(2), risotto(2), bruschetta(1), lomo(1), almejas(1), helado(1), salmón(1), espaguetis(1)",,"comida, servicio, atención, excelente, claudia"
20,Oven Mozzarella Atocha | Italiano Madrid,"Calle Atocha, 114",90,4.7,4.389,85.6,2.2,12.2,11,17,66,11,2,4,7,69,71,21,14,12,3,3,4,17,0,0,0,4,76.7,78.9,23.3,15.6,13.3,3.3,3.3,4.4,18.9,0.0,0.0,0.0,4.4,65,59,16,10,11,3,3,4,14,0,0,0,3,3,11,3,3,1,0,0,0,3,0,0,0,1,4.7,4.28,4.0,3.93,4.58,4.0,5.0,5.0,4.35,,,,3.75,True,True,True,True,True,False,False,False,True,False,False,False,False,False,False,False,False,False,False,"pasta(6), focaccia(2), carbonara(2), risotto(2), espaguetis sabía(2)","pasta(6), focaccia(2), carbonara(2), risotto(2), espaguetis sabía(2), arroz(1), jamón(1), mousse(1)",,"comida, servicio, atención, excelente, buena"
21,Mu! El Placer De La Carne,"Calle chinchilla, 3",95,4.7,4.253,83.2,1.1,15.8,15,14,66,13,1,4,11,63,74,13,47,4,1,1,6,14,2,0,0,2,66.3,77.9,13.7,49.5,4.2,1.1,1.1,6.3,14.7,2.1,0.0,0.0,2.1,59,64,12,44,3,1,1,6,14,0,0,0,2,4,10,1,2,1,0,0,0,0,2,0,0,0,4.63,4.38,4.54,4.66,4.25,4.0,5.0,4.83,4.71,2.0,,,4.0,True,True,True,True,False,False,False,False,True,False,False,False,False,False,False,False,False,False,False,"papas fritas(3), flan(2), arroz(2), chorizo morcilla(2), entraña vacío(2)","papas fritas(3), flan(2), arroz(2), chorizo morcilla(2), entraña vacío(2)",,"comida, carne, precio, excelente, atención"
22,Restaurante Dcorazon,"Plaza Mayor, 30",90,4.7,3.9,71.1,6.7,22.2,20,18,52,12,6,5,15,65,69,25,16,13,4,1,6,12,10,3,0,8,72.2,76.7,27.8,17.8,14.4,4.4,1.1,6.7,13.3,11.1,3.3,0.0,8.9,50,51,21,8,5,3,1,5,9,10,2,0,7,13,13,1,7,7,0,0,1,3,0,1,0,1,4.09,3.99,4.48,3.0,2.69,4.5,5.0,4.17,3.92,4.9,3.67,,4.12,True,True,True,True,True,False,False,False,True,True,False,False,False,False,False,False,False,False,False,"atún(3), sangría(3), espaguetis(2), calamares(2), gambas(2)","atún(3), sangría(3), espaguetis(2), calamares(2), gambas(2), solomillo(2), tarta(1), mojo(1), ensaladilla(1), burrito(1), salmon(1), helado(1), brownie(1), risotto(1), berenjenas(1)",,"comida, servicio, buena, excelente, atención"
23,SteakBurger Gran Vía 55,"Calle Gran Vía, 55",93,4.8,4.237,80.6,2.2,17.2,16,18,66,9,2,6,10,72,62,23,14,8,2,1,7,20,2,0,0,9,77.4,66.7,24.7,15.1,8.6,2.2,1.1,7.5,21.5,2.2,0.0,0.0,9.7,61,54,20,9,5,1,1,5,17,0,0,0,8,10,7,3,4,3,1,0,2,3,2,0,0,1,4.36,4.45,4.35,3.64,3.5,3.5,5.0,3.86,4.4,1.5,,,4.44,True,True,True,True,False,False,False,False,True,False,False,False,False,False,False,False,False,False,False,"nachos(6), filete(5), sangría(1)","nachos(6), filete(5), sangría(1)",,"comida, servicio, buena, amable, excelente"
24,Rosi La Loca,"Calle de Cádiz, 4",93,4.6,4.677,92.5,1.1,6.5,6,6,82,4,1,0,6,62,58,25,5,5,1,0,6,26,2,0,1,7,66.7,62.4,26.9,5.4,5.4,1.1,0.0,6.5,28.0,2.2,0.0,1.1,7.5,59,55,25,4,5,1,0,5,25,1,0,1,7,2,2,0,1,0,0,0,0,1,1,0,0,0,4.79,4.78,4.92,4.0,5.0,5.0,,4.67,4.77,3.0,,5.0,4.86,True,True,True,False,False,False,False,False,True,False,False,False,False,False,False,False,False,False,False,"tortilla(2), zamburiñas(2), helado(1), atún(1), pasta(1)","tortilla(2), zamburiñas(2), helado(1), atún(1), pasta(1), croquetas(1), tacos(1), tiramisú(1)",,"comida, servicio, lugar, gracias, excelente"
25,Oven Mozzarella Gran Via 55,"Calle Gran Vía, 55",93,4.7,3.806,67.7,5.4,26.9,25,15,55,8,5,7,18,69,66,24,18,14,2,0,8,24,2,2,1,4,74.2,71.0,25.8,19.4,15.1,2.2,0.0,8.6,25.8,2.2,2.2,1.1,4.3,52,47,18,7,6,2,0,7,17,1,0,0,4,14,15,4,8,7,0,0,1,5,1,1,1,0,4.07,3.97,4.17,2.94,2.71,5.0,,4.38,4.0,3.0,2.0,1.0,5.0,True,True,True,True,True,False,False,False,True,False,False,False,False,False,False,False,False,False,False,"pasta(9), lasaña(3), sangría(3), focaccia(2), carbonara(2)","pasta(9), lasaña(3), sangría(3), focaccia(2), carbonara(2), tiramisú(1), espaguetis(1), albóndigas(1)",,"comida, servicio, amable, lugar, excelente"
26,Oven Mozzarella Gran Vía 6,"Calle Gran Vía, 6",90,4.6,4.144,75.6,5.6,18.9,17,15,63,5,5,6,11,74,66,19,13,19,0,2,6,23,3,0,1,10,82.2,73.3,21.1,14.4,21.1,0.0,2.2,6.7,25.6,3.3,0.0,1.1,11.1,57,54,17,9,15,0,1,3,20,3,0,1,6,13,8,0,3,3,0,1,2,2,0,0,0,3,4.22,4.41,4.74,4.15,4.21,,3.5,3.33,4.52,5.0,,5.0,3.8,True,True,True,True,True,False,False,False,True,False,False,False,True,False,False,False,False,False,False,"pasta(11), carbonara(2), lasaña(2), mojito(1), tiramisú(1)","pasta(11), carbonara(2), lasaña(2), mojito(1), tiramisú(1), helado(1), sangría(1), risotto(1), berenjenas(1)",,"comida, servicio, buena, restaurante, pizza"
27,Pizzart Villa Luchana | Pizzeria Madrid,"Calle de luchana, 17",90,4.9,4.656,93.3,2.2,4.4,4,11,71,13,2,2,2,66,56,19,14,11,4,3,7,24,6,0,0,11,73.3,62.2,21.1,15.6,12.2,4.4,3.3,7.8,26.7,6.7,0.0,0.0,12.2,64,52,16,13,10,3,3,6,22,4,0,0,10,1,2,2,0,0,0,0,1,1,0,0,0,0,4.74,4.66,4.37,4.57,4.64,4.5,5.0,4.43,4.62,4.17,,,4.73,True,True,True,True,True,False,False,False,True,False,False,False,True,False,False,False,False,False,False,"tiramisu(8), lasaña(6), pasta(3), focaccia(2), margarita(1)","tiramisu(8), lasaña(6), pasta(3), focaccia(2), margarita(1), helado(1), carbonara(1)",,"comida, pizza, buena, pizzas, atención"
28,GastroVía 61,"Calle Flor baja, 3",90,4.7,4.8,93.3,6.7,0.0,0,9,78,6,6,0,0,76,76,20,15,4,5,2,6,17,4,1,1,22,84.4,84.4,22.2,16.7,4.4,5.6,2.2,6.7,18.9,4.4,1.1,1.1,24.4,72,70,19,10,3,5,1,6,17,4,1,1,22,0,0,0,0,0,0,0,0,0,0,0,0,0,4.83,4.8,4.85,4.27,4.25,4.8,4.0,5.0,4.94,4.75,5.0,5.0,4.91,True,True,True,True,False,False,False,False,True,False,False,False,True,False,False,False,False,False,False,"croquetas(3), pulpo(3), paella(3), entrecot(2), cachopo(2)","croquetas(3), pulpo(3), paella(3), entrecot(2), cachopo(2), jamón(2), mejillones(2), rodaballo(2), arroz(2), solomillo(2), fabada(2), tarta(1), secreto(1), gazpacho(1), gambas(1)",,"comida, servicio, atención, excelente, personal"
29,Taberna de Peñalver,"Calle del conde Peñalver, 90",90,4.7,4.144,78.9,2.2,18.9,17,10,61,10,2,5,12,69,66,14,14,10,0,1,5,20,13,0,0,13,76.7,73.3,15.6,15.6,11.1,0.0,1.1,5.6,22.2,14.4,0.0,0.0,14.4,58,49,12,8,7,0,1,4,16,10,0,0,7,9,15,2,5,3,0,0,1,3,2,0,0,6,4.33,3.95,4.29,3.21,3.7,,5.0,4.0,4.1,4.08,,,3.15,True,True,True,True,True,False,False,False,True,True,False,False,True,False,False,False,False,False,False,"pulpo(10), croquetas(4), jamón(2), lubina(2), gambas(2)","pulpo(10), croquetas(4), jamón(2), lubina(2), gambas(2), helado(2), arroz negro(2), arroz señoret(2), chipirones(1), sangría(1), solomillo(1), fideuá(1), rabo(1), bogavante(1), ensaladilla(1)",,"paella, comida, excelente, servicio, atención"
30,Oven Mozzarella Fuencarral,"Calle Fuencarral, 74",90,4.6,4.644,95.6,0.0,4.4,4,17,68,18,0,2,2,74,69,24,13,11,4,0,8,25,0,0,0,14,82.2,76.7,26.7,14.4,12.2,4.4,0.0,8.9,27.8,0.0,0.0,0.0,15.6,73,65,24,13,11,4,0,8,24,0,0,0,14,1,4,0,0,0,0,0,0,1,0,0,0,0,4.77,4.64,4.79,4.77,4.64,4.75,,4.88,4.72,,,,4.71,True,True,True,True,True,False,False,False,True,False,False,False,True,False,False,False,False,False,False,"risotto(4), tiramisú(3), tagliatelle(2), sangría(2), pasta carbonara(2)","risotto(4), tiramisú(3), tagliatelle(2), sangría(2), pasta carbonara(2), tarta(1), mojito(1), focaccia(1)",,"comida, buena, servicio, lugar, atención"
31,SteakBurger Preciados,"Calle Preciados, 42",90,4.7,4.744,95.6,1.1,3.3,3,13,76,10,1,1,2,69,67,19,8,11,4,2,5,19,3,0,0,9,76.7,74.4,21.1,8.9,12.2,4.4,2.2,5.6,21.1,3.3,0.0,0.0,10.0,65,63,17,6,10,3,2,5,19,3,0,0,8,3,3,1,2,1,0,0,0,0,0,0,0,0,4.7,4.69,4.63,4.12,4.64,4.25,4.5,5.0,4.84,5.0,,,4.78,True,True,True,False,True,False,False,False,True,False,False,False,False,False,False,False,False,False,False,"sangría(2), filete(2), papas fritas(2), pimientos(1), helado(1)","sangría(2), filete(2), papas fritas(2), pimientos(1), helado(1), croquetas(1), jamón(1), empanadas(1)",,"comida, servicio, excelente, atención, buena"
32,La Bistroteca,"Calle Espartinas, 7",90,4.8,4.733,94.4,4.4,1.1,1,13,73,12,4,0,1,68,63,18,14,6,2,1,6,32,2,1,1,11,75.6,70.0,20.0,15.6,6.7,2.2,1.1,6.7,35.6,2.2,1.1,1.1,12.2,67,59,17,10,5,1,1,6,30,2,1,1,10,0,0,0,0,0,0,0,0,0,0,0,0,0,4.84,4.73,4.56,4.29,4.67,3.5,5.0,5.0,4.75,5.0,5.0,4.0,4.73,True,True,True,True,False,False,False,False,True,False,False,False,True,False,False,False,False,False,False,"guacamole(17), croquetas(7), ensaladilla rusa(2), marmitako(1), tequeños(1)","guacamole(17), croquetas(7), ensaladilla rusa(2), marmitako(1), tequeños(1), mousse(1)",,"hamburguesas, servicio, comida, hamburguesa, trato"
33,Meson Restaurante La Mi Venta,"Plaza marina española, 7",90,4.6,4.811,97.8,1.1,1.1,1,9,77,11,1,0,1,82,71,24,13,10,9,1,8,14,8,0,0,25,91.1,78.9,26.7,14.4,11.1,10.0,1.1,8.9,15.6,8.9,0.0,0.0,27.8,80,70,24,12,9,9,1,7,14,8,0,0,25,1,0,0,0,0,0,0,0,0,0,0,0,0,4.79,4.83,4.83,4.69,4.7,4.89,5.0,4.5,4.93,4.62,,,4.8,True,True,True,True,True,False,False,False,True,False,False,False,True,False,False,False,False,False,False,"croquetas(4), morcilla(4), chipirones(3), entrecot(3), jamón ibérico(3)","croquetas(4), morcilla(4), chipirones(3), entrecot(3), jamón ibérico(3), sangría(2), bacalao(2), paella(2), chuletón(2), helado(2), salmorejo(2), merluza(2), secreto ibérico(2), cochinillo(1), callos(1)",,"comida, excelente, servicio, atención, aaron"
34,Malafemmena,"Calle del doctor Esquerdo, 13",90,4.7,4.511,87.8,3.3,8.9,8,14,69,10,3,4,4,72,78,33,17,7,5,0,7,27,9,1,0,19,80.0,86.7,36.7,18.9,7.8,5.6,0.0,7.8,30.0,10.0,1.1,0.0,21.1,66,68,28,16,4,5,0,7,26,7,1,0,16,3,7,3,0,2,0,0,0,1,1,0,0,3,4.67,4.49,4.36,4.71,3.57,4.6,,4.71,4.85,4.22,5.0,,4.42,True,True,True,True,False,False,False,False,True,False,False,False,True,False,False,False,False,False,False,"tiramisú(4), carbonara(3), risotto(3), lasaña(2), pasta rellena(2)","tiramisú(4), carbonara(3), risotto(3), lasaña(2), pasta rellena(2), vitello tonnato(2), solomillo(1), espaguetis(1), arroz(1), jamón(1), penne(1)",,"comida, atención, servicio, buena, ambiente"
35,Steakburger - Luchana,"Calle Luchana, 17",90,4.7,4.722,94.4,1.1,4.4,4,7,78,7,1,0,4,72,55,18,5,6,3,0,4,18,2,0,0,3,80.0,61.1,20.0,5.6,6.7,3.3,0.0,4.4,20.0,2.2,0.0,0.0,3.3,68,53,17,4,4,2,0,4,16,1,0,0,3,3,1,0,0,1,0,0,0,1,1,0,0,0,4.75,4.78,4.72,4.2,4.0,4.33,,5.0,4.56,3.0,,,4.67,True,True,True,False,False,False,False,False,True,False,False,False,False,False,False,False,False,False,False,"nachos(3), tarta(1)","nachos(3), tarta(1)",,"comida, buena, atención, atendió, excelente"
36,Oven - Mozarrella Bar,"Calle San Juan de Ortega, 26",90,4.7,4.689,94.4,2.2,3.3,3,13,73,12,2,0,3,70,68,24,10,12,6,0,7,20,2,0,0,10,77.8,75.6,26.7,11.1,13.3,6.7,0.0,7.8,22.2,2.2,0.0,0.0,11.1,66,65,23,9,10,6,0,7,20,2,0,0,9,2,1,1,0,1,0,0,0,0,0,0,0,0,4.71,4.74,4.67,4.4,4.17,4.67,,4.71,4.95,5.0,,,4.7,True,True,True,True,True,False,False,False,True,False,False,False,True,False,False,False,False,False,False,"pasta(9), tiramisú(3), jamón(2), risotto(1), tarta(1)","pasta(9), tiramisú(3), jamón(2), risotto(1), tarta(1), helado(1), carbonara(1)",,"comida, buena, carmen, servicio, atención"
37,El miniBAR,"Mesón de Paños, 1",90,4.6,4.4,84.4,4.4,11.1,10,21,67,9,4,3,7,60,67,29,27,11,2,0,7,29,4,0,0,10,66.7,74.4,32.2,30.0,12.2,2.2,0.0,7.8,32.2,4.4,0.0,0.0,11.1,48,59,27,24,8,2,0,6,28,4,0,0,7,9,5,1,1,2,0,0,1,1,0,0,0,3,4.27,4.54,4.62,4.56,4.0,4.5,,4.29,4.79,5.0,,,3.8,True,True,True,True,True,False,False,False,True,False,False,False,True,False,False,False,False,False,False,"bacalao(7), atún(4), sangria(4), calamares(3), fajitas(2)","bacalao(7), atún(4), sangria(4), calamares(3), fajitas(2), patatas bravas(2), salmorejo(1), tarta(1), brownie(1), jamón(1), pulpo(1), churros(1), guacamole(1), tacos(1)",,"comida, tapas, madrid, excelente, lugar"
38,Sibuya Urban Sushi Bar - Madrid,"Calle de Orense, 11",90,4.8,4.867,97.8,1.1,1.1,1,11,81,7,1,1,0,73,68,23,19,9,3,2,3,20,0,0,0,7,81.1,75.6,25.6,21.1,10.0,3.3,2.2,3.3,22.2,0.0,0.0,0.0,7.8,71,66,22,18,8,3,2,3,19,0,0,0,7,1,1,0,1,1,0,0,0,0,0,0,0,0,4.85,4.85,4.78,4.74,4.56,4.67,5.0,5.0,4.9,,,,5.0,True,True,True,True,False,False,False,False,True,False,False,False,False,False,False,False,False,False,False,"sushi(10), atún(3), sashimi(1), curry(1), ceviche(1)","sushi(10), atún(3), sashimi(1), curry(1), ceviche(1), salmón(1), miso(1), cheesecake(1), helado(1), arroz(1), mochi(1), tarta(1)",,"comida, servicio, amable, atención, excelente"
39,Sibuya Urban Sushi Bar,"Calle de Ibiza, 33",90,4.8,4.778,94.4,2.2,3.3,3,5,80,5,2,1,2,75,72,17,14,6,2,2,4,24,0,0,0,15,83.3,80.0,18.9,15.6,6.7,2.2,2.2,4.4,26.7,0.0,0.0,0.0,16.7,72,67,15,11,5,2,1,4,23,0,0,0,14,2,3,1,1,1,0,0,0,1,0,0,0,1,4.83,4.74,4.65,4.29,4.5,5.0,4.0,5.0,4.83,,,,4.73,True,True,True,True,False,False,False,False,True,False,False,False,True,False,False,False,False,False,False,"sushi(12), atún(2)","sushi(12), atún(2)",,"comida, ariel, servicio, atención, excelente"
40,DSTAGE,"Calle de Regueros, 8",93,4.6,3.075,43.0,10.8,46.2,43,35,31,9,10,22,21,52,78,25,18,16,5,1,4,31,7,4,2,23,55.9,83.9,26.9,19.4,17.2,5.4,1.1,4.3,33.3,7.5,4.3,2.2,24.7,28,33,13,2,3,3,1,1,15,2,2,0,11,20,38,8,15,10,2,0,3,13,4,1,1,11,3.38,3.06,3.52,2.0,2.5,3.4,5.0,2.5,3.29,2.57,3.75,2.5,3.26,True,True,True,True,True,False,False,False,True,False,False,False,True,False,False,False,False,False,False,"flan(4), mochi(4), manitas(2), chorizo hecho(2), merluza(1)","flan(4), mochi(4), manitas(2), chorizo hecho(2), merluza(1), foie(1), tarta(1), atún(1), solomillo(1), calamares(1), dorada(1), secreto(1), anchoas(1), arroz(1)",,"platos, menú, restaurante, experiencia, servicio"
41,Restaurante La Malontina,"Calle Verónica, 4",91,4.6,3.846,65.9,13.2,20.9,19,34,43,17,12,12,7,62,83,36,24,11,7,3,6,33,7,1,0,14,68.1,91.2,39.6,26.4,12.1,7.7,3.3,6.6,36.3,7.7,1.1,0.0,15.4,49,56,26,14,6,4,2,4,22,5,1,0,10,5,16,5,7,4,1,1,0,9,1,0,0,3,4.26,3.93,4.0,3.58,3.64,3.71,4.0,4.33,3.76,4.0,4.0,,4.0,True,True,True,True,True,False,False,False,True,False,False,False,True,False,False,False,False,False,False,"almejas(5), mejillones(4), risotto(3), bacalao confitado(3), ensaladilla rusa(3)","almejas(5), mejillones(4), risotto(3), bacalao confitado(3), ensaladilla rusa(3), pulpo braseado(3), oreja(2), guacamole(2), mollejas(2), lomo bajo(2), arroz cremoso(2), langostinos(1), calamares(1), gambas(1), salmorejo(1)",,"comida, platos, pequeño, excelente, restaurante"
42,Vinoteca Moratin,"Calle Moratín, 36",90,4.7,4.556,88.9,6.7,4.4,4,21,67,13,6,1,3,67,76,36,26,8,5,0,5,35,4,1,1,22,74.4,84.4,40.0,28.9,8.9,5.6,0.0,5.6,38.9,4.4,1.1,1.1,24.4,61,70,33,23,6,4,0,5,30,3,1,1,19,1,2,0,1,0,0,0,0,2,0,0,0,1,4.64,4.64,4.67,4.38,4.5,4.6,,4.8,4.46,4.5,5.0,5.0,4.55,True,True,True,True,False,False,False,False,True,False,False,False,True,False,False,False,False,False,False,"bacalao(5), salmón marinado(5), arroz(3), carrillera(3), salmon(2)","bacalao(5), salmón marinado(5), arroz(3), carrillera(3), salmon(2), helado(2), pulpo(2), fideuá(1), salmorejo(1), rape(1), coulant(1), chipirones(1), pimientos(1), rabo(1), sepia(1)",,"comida, restaurante, vinos, servicio, carta"
43,Burnout,"Calle Valverde, 6",93,4.7,4.462,89.2,4.3,6.5,6,22,63,20,4,2,4,57,56,19,17,9,1,1,9,29,3,0,0,9,61.3,60.2,20.4,18.3,9.7,1.1,1.1,9.7,31.2,3.2,0.0,0.0,9.7,51,52,19,14,8,1,1,9,26,1,0,0,8,2,2,0,1,1,0,0,0,1,0,0,0,0,4.58,4.57,4.79,4.29,4.56,5.0,5.0,4.67,4.62,3.67,,,4.78,True,True,True,True,False,False,False,False,True,False,False,False,False,False,False,False,False,False,False,"nachos(12), tarta(6), guacamole(4), empanada(1)","nachos(12), tarta(6), guacamole(4), empanada(1)",,"hamburguesas, buena, hamburguesa, comida, carne"
44,Metro Bistró - Plaza Mayor,"Calle Imperial, 3",90,4.6,4.578,90.0,2.2,7.8,7,20,73,8,2,2,5,67,76,19,28,5,3,1,6,44,3,0,0,20,74.4,84.4,21.1,31.1,5.6,3.3,1.1,6.7,48.9,3.3,0.0,0.0,22.2,60,68,15,25,5,3,1,6,41,3,0,0,17,5,6,3,1,0,0,0,0,3,0,0,0,2,4.57,4.61,4.21,4.61,4.8,5.0,5.0,5.0,4.61,5.0,,,4.4,True,True,True,True,False,False,False,False,True,False,False,False,True,False,False,False,False,False,False,"croquetas(13), bacalao(6), hummus(4), solomillo(4), tarta(3)","croquetas(13), bacalao(6), hummus(4), solomillo(4), tarta(3), cecina(3), cheesecake(2), berenjenas(2), presa ibérica(2), higos arroz(2), arroz tostado(2), mejillones(1), nécoras(1), ensaladilla(1), lubina(1)",,"comida, platos, servicio, atención, calidad"
45,El Sueño De Carmen,"Calle San Epifanio, 7",90,4.9,4.756,95.6,1.1,3.3,3,12,76,10,1,2,1,73,74,19,11,5,5,2,10,27,6,0,0,16,81.1,82.2,21.1,12.2,5.6,5.6,2.2,11.1,30.0,6.7,0.0,0.0,17.8,72,71,17,9,4,4,2,10,26,5,0,0,13,1,3,1,2,1,0,0,0,1,1,0,0,3,4.84,4.74,4.42,4.27,4.4,4.6,5.0,4.7,4.7,4.33,,,4.25,True,True,True,True,False,False,False,True,True,False,False,False,True,False,False,False,False,False,False,"lomo(3), helado(2), arroz(2), risotto(2), tortilla(2)","lomo(3), helado(2), arroz(2), risotto(2), tortilla(2), tiramisu(1), morcilla(1), zamburiñas(1), tempura(1), brownie(1), bogavante(1), pluma(1), atún(1), dorada(1), filete(1)",,"comida, servicio, buena, calidad, excelente"
46,Sibuya Urban Sushi Bar Chueca,"Calle Santo Tomé, 5",90,4.7,4.889,97.8,0.0,2.2,2,5,86,2,0,0,2,69,75,11,16,7,3,2,6,28,0,0,0,9,76.7,83.3,12.2,17.8,7.8,3.3,2.2,6.7,31.1,0.0,0.0,0.0,10.0,69,74,11,16,6,3,2,6,28,0,0,0,9,0,1,0,0,1,0,0,0,0,0,0,0,0,4.97,4.92,5.0,4.94,4.29,5.0,5.0,5.0,5.0,,,,5.0,True,True,True,True,False,False,False,False,True,False,False,False,False,False,False,False,False,False,False,"sushi(8), atún(2), gyozas(2), sashimi(1)","sushi(8), atún(2), gyozas(2), sashimi(1)",,"comida, atención, atendió, justin, excelente"
47,El Social,"Calle Hernán Cortés, 19",91,4.8,4.593,90.1,3.3,6.6,6,20,73,9,3,2,4,64,77,34,19,5,4,2,11,23,1,2,0,9,70.3,84.6,37.4,20.9,5.5,4.4,2.2,12.1,25.3,1.1,2.2,0.0,9.9,58,70,31,16,4,4,2,9,20,1,1,0,8,4,4,3,1,1,0,0,1,2,0,1,0,1,4.61,4.62,4.5,4.63,4.0,4.75,5.0,4.55,4.48,5.0,3.0,,4.56,True,True,True,True,False,False,False,True,True,False,False,False,False,False,False,False,False,False,False,"helado(5), gambas(3), filete(3), tempura(3), pasta(2)","helado(5), gambas(3), filete(3), tempura(3), pasta(2), ceviche(2), cordero(2), zamburiñas(1), vermut(1), lubina(1), curry(1), nachos(1), langostinos(1), anchoas(1)",,"comida, excelente, servicio, madrid, lugar"
48,Alright,"Calle Pedro Rico, 41",90,4.6,4.122,74.4,7.8,17.8,16,22,58,9,7,8,8,61,77,14,26,9,2,2,5,29,26,3,0,18,67.8,85.6,15.6,28.9,10.0,2.2,2.2,5.6,32.2,28.9,3.3,0.0,20.0,44,56,10,19,5,1,2,4,21,17,2,0,15,12,14,2,4,2,0,0,0,4,4,1,0,1,4.03,4.1,4.07,4.04,3.78,4.0,4.5,4.4,4.21,4.0,3.67,,4.5,True,True,True,True,False,False,False,False,True,True,False,False,True,False,False,False,False,False,False,"nachos(12), falso risotto(5), brownie(4), burrito(2), quesadilla(2)","nachos(12), falso risotto(5), brownie(4), burrito(2), quesadilla(2), costillar alright(2), cachopo(1), solomillo(1), rabo(1), chuletón(1), tortilla(1), arroz(1), carrillera(1), atun(1), entraña(1)",,"comida, calidad, carta, costillas, platos"
49,Pampa Beef,"Calle Príncipe, 3",91,4.7,4.275,81.3,6.6,12.1,11,30,60,14,6,4,7,58,67,19,30,11,0,1,2,18,4,1,1,15,63.7,73.6,20.9,33.0,12.1,0.0,1.1,2.2,19.8,4.4,1.1,1.1,16.5,48,55,18,23,10,0,1,2,14,3,1,0,12,7,6,0,4,1,0,0,0,1,0,0,1,2,4.29,4.36,4.58,4.2,4.18,,5.0,5.0,4.33,4.25,4.0,1.0,4.4,True,True,True,True,True,False,False,False,True,False,False,False,True,False,False,False,False,False,False,"lomo alto(10), chorizo(9), empanadas(8), sangria(4), chuletón(4)","lomo alto(10), chorizo(9), empanadas(8), sangria(4), chuletón(4), flan(3), solomillo(3), entraña(3), papas fritas(2), filete argentino(2), causa(1), tarta(1)",,"carne, comida, lugar, excelente, madrid"
50,Ichikani Madrid,"Calle Velazquez, 31",91,4.9,4.78,95.6,1.1,3.3,3,9,81,6,1,0,3,73,72,16,10,4,4,0,5,27,0,1,0,16,80.2,79.1,17.6,11.0,4.4,4.4,0.0,5.5,29.7,0.0,1.1,0.0,17.6,71,70,15,9,3,4,0,4,26,0,0,0,16,1,1,0,0,1,0,0,1,0,0,1,0,0,4.85,4.83,4.81,4.8,4.0,5.0,,4.2,4.85,,1.0,,5.0,True,True,True,True,False,False,False,False,True,False,False,False,True,False,False,False,False,False,False,"sushi(6), sashimi(2), margarita(1), salmón(1), tarta(1)","sushi(6), sashimi(2), margarita(1), salmón(1), tarta(1), arroz(1)",,"comida, jenny, atención, buena, servicio"
51,Origen Taberna,"Calle Juan Álvarez Mendizábal, 44",90,4.6,4.578,91.1,5.6,3.3,3,16,64,18,5,2,1,64,80,19,21,12,0,1,4,32,4,1,0,15,71.1,88.9,21.1,23.3,13.3,0.0,1.1,4.4,35.6,4.4,1.1,0.0,16.7,58,74,17,17,9,0,1,4,30,3,0,0,14,2,2,1,2,1,0,0,0,0,0,1,0,1,4.58,4.6,4.53,4.33,4.08,,5.0,5.0,4.59,4.0,1.0,,4.67,True,True,True,True,True,False,False,False,True,False,False,False,True,False,False,False,False,False,False,"arroz(2), callos(2), rabo(1), mejillones(1), curry(1)","arroz(2), callos(2), rabo(1), mejillones(1), curry(1), atun(1), tacos(1), gambas(1), filete(1), bizcocho(1), migas(1), carrillera(1), pisto(1)",,"comida, servicio, platos, carta, excelente"
52,Eiffel Restaurante,"Calle Seseña, 18",90,4.7,4.9,97.8,1.1,1.1,1,10,84,4,1,1,0,67,74,12,25,8,3,0,17,34,2,2,0,21,74.4,82.2,13.3,27.8,8.9,3.3,0.0,18.9,37.8,2.2,2.2,0.0,23.3,66,72,12,23,8,3,0,17,34,2,2,0,21,0,1,0,1,0,0,0,0,0,0,0,0,0,4.94,4.91,5.0,4.72,4.88,5.0,,5.0,4.97,5.0,5.0,,5.0,True,True,True,True,False,False,False,True,True,False,False,False,True,False,False,False,False,False,False,"cachopo(6), croquetas(6), jamón(4), cecina(3), morcilla(2)","cachopo(6), croquetas(6), jamón(4), cecina(3), morcilla(2), tarta(2), salmón(1), solomillo(1), lomo(1), chorizo(1), cordero(1), brownie(1), helado(1), secreto(1), oreja(1)",,"comida, trato, atención, calidad, gracias"
53,Restaurante Morgana,"Calle Libertad, 5",90,4.7,4.389,81.1,10.0,8.9,8,18,62,11,9,6,2,62,82,23,23,6,1,1,1,24,1,0,1,10,68.9,91.1,25.6,25.6,6.7,1.1,1.1,1.1,26.7,1.1,0.0,1.1,11.1,52,67,17,16,2,1,1,0,19,1,0,1,7,2,7,4,5,1,0,0,1,2,0,0,0,1,4.5,4.4,4.13,3.96,3.5,5.0,5.0,2.0,4.29,5.0,,5.0,4.3,True,True,True,True,False,False,False,False,True,False,False,False,True,False,False,False,False,False,False,"pulpo(28), tortilla(8), rape negro(5), lomo(3), chuletón(3)","pulpo(28), tortilla(8), rape negro(5), lomo(3), chuletón(3), zamburiñas(1), tempura(1), ceviche(1), empanada(1), entraña(1), merluza(1), jamón(1), crepe(1), gazpacho(1)",,"comida, platos, servicio, calidad, excelente"
54,Zenith Caffè - Desengaño,"Calle del Desengaño, 24",90,4.9,4.722,95.6,1.1,3.3,3,9,74,12,1,1,2,70,73,25,13,8,5,3,2,17,1,0,0,5,77.8,81.1,27.8,14.4,8.9,5.6,3.3,2.2,18.9,1.1,0.0,0.0,5.6,67,71,24,10,8,4,3,1,16,1,0,0,4,2,1,0,2,0,0,0,1,0,0,0,0,1,4.71,4.78,4.76,4.08,4.75,4.4,5.0,3.0,4.82,4.0,,,4.2,True,True,True,True,False,False,False,False,True,False,False,False,False,False,False,False,False,False,False,"guacamole(2), salmón(2), tacos(1), helado(1)","guacamole(2), salmón(2), tacos(1), helado(1)",,"comida, lugar, gigi, excelente, servicio"
55,Hotaru Madrid,"Calle de Alcalá, 99",90,4.8,4.578,87.8,4.4,7.8,7,10,74,5,4,3,4,73,70,20,11,5,2,2,1,26,0,0,2,17,81.1,77.8,22.2,12.2,5.6,2.2,2.2,1.1,28.9,0.0,0.0,2.2,18.9,65,61,17,9,4,1,1,1,20,0,0,2,17,5,5,2,1,1,0,1,0,5,0,0,0,0,4.62,4.56,4.55,4.36,4.2,4.0,3.0,4.0,4.23,,,5.0,5.0,True,True,True,True,False,False,False,False,True,False,False,False,True,False,False,False,False,False,False,"sushi(6), gyozas(4), atún(3), langostinos(2), sashimi(1)","sushi(6), gyozas(4), atún(3), langostinos(2), sashimi(1), mochi(1), miso(1), edamame(1)",,"experiencia, comida, servicio, excelente, calidad"
56,Camino Sacramento,Calle Gran Vía Callao,91,4.8,4.813,94.5,2.2,3.3,3,8,85,1,2,0,3,73,55,12,4,7,0,1,7,20,1,3,1,12,80.2,60.4,13.2,4.4,7.7,0.0,1.1,7.7,22.0,1.1,3.3,1.1,13.2,72,52,12,4,7,0,1,6,20,1,2,1,12,1,1,0,0,0,0,0,1,0,0,0,0,0,4.93,4.84,5.0,5.0,5.0,,5.0,4.43,5.0,5.0,4.33,5.0,5.0,True,True,True,False,False,False,False,False,True,False,False,False,True,False,False,False,False,False,False,"chuletón(4), croquetas(3), filete(3), papas fritas(2), morcilla(1)","chuletón(4), croquetas(3), filete(3), papas fritas(2), morcilla(1), cachopo(1), solomillo(1)",,"comida, excelente, atención, carne, servicio"
57,Asado Central,"Calle de la Victoria, 12",90,4.8,4.678,93.3,2.2,4.4,4,15,73,11,2,2,2,72,55,7,8,10,2,0,6,11,1,0,0,3,80.0,61.1,7.8,8.9,11.1,2.2,0.0,6.7,12.2,1.1,0.0,0.0,3.3,69,53,4,6,8,2,0,5,11,0,0,0,2,2,2,2,1,2,0,0,1,0,1,0,0,1,4.74,4.75,3.57,4.25,4.0,5.0,,4.33,4.91,2.0,,,4.0,True,True,False,False,True,False,False,False,True,False,False,False,False,False,False,False,False,False,False,"entrecot(4), entraña(2), empanadas argentinas(2), tarta(1), empanada(1)","entrecot(4), entraña(2), empanadas argentinas(2), tarta(1), empanada(1), arroz(1), filete(1), sangria(1), morcilla(1)",,"comida, excelente, atención, servicio, carne"
58,Toga,"Calle Juanelo, 23",90,4.7,4.522,92.2,4.4,3.3,3,26,58,25,4,2,1,66,75,31,20,11,4,1,3,35,7,1,0,12,73.3,83.3,34.4,22.2,12.2,4.4,1.1,3.3,38.9,7.8,1.1,0.0,13.3,63,70,30,19,9,4,1,2,31,7,1,0,10,1,2,0,0,1,0,0,1,1,0,0,0,1,4.58,4.53,4.65,4.55,4.27,5.0,4.0,3.33,4.57,4.57,4.0,,4.5,True,True,True,True,True,False,False,False,True,False,False,False,True,False,False,False,False,False,False,"atún rojo(12), ceviche(5), risotto(5), pluma(4), crepe(1)","atún rojo(12), ceviche(5), risotto(5), pluma(4), crepe(1), presa(1), gambas(1), tacos(1), sashimi(1), gyozas(1), rabo(1), tarta(1), mousse(1), chipirones(1)",,"noodles, comida, platos, servicio, buena"
59,Peppe Fusco The Italian,"Calle de Fuencarral, 139",90,4.8,4.367,82.2,6.7,11.1,10,15,64,10,6,5,5,64,66,22,15,9,2,1,5,21,10,0,0,7,71.1,73.3,24.4,16.7,10.0,2.2,1.1,5.6,23.3,11.1,0.0,0.0,7.8,56,53,19,10,4,2,1,4,17,8,0,0,7,4,8,2,4,2,0,0,1,3,2,0,0,0,4.55,4.3,4.32,3.73,3.44,5.0,5.0,4.4,4.29,4.3,,,5.0,True,True,True,True,False,False,False,False,True,True,False,False,False,False,False,False,False,False,False,"risotto(3), focaccia(2), berenjenas(2), arroz(2), pasta carbonara(2)","risotto(3), focaccia(2), berenjenas(2), arroz(2), pasta carbonara(2), bruschetta(1), tagliatelle(1), lasaña(1), salmón(1), tiramisú(1), almejas(1), espaguetis(1)",,"comida, buena, atención, servicio, pasta"
60,La Taberna De Peñalver Cava Baja,"Calle Cava Baja, 36",90,4.7,4.533,86.7,4.4,8.9,8,11,71,7,4,5,3,69,63,19,10,7,2,0,7,11,5,1,0,8,76.7,70.0,21.1,11.1,7.8,2.2,0.0,7.8,12.2,5.6,1.1,0.0,8.9,59,54,14,5,3,2,0,6,10,3,1,0,6,7,6,2,3,4,0,0,1,1,1,0,0,1,4.51,4.49,4.11,3.5,2.71,4.5,,4.57,4.55,3.8,4.0,,4.25,True,True,True,True,False,False,False,False,True,False,False,False,False,False,False,False,False,False,False,"pulpo(6), jamón ibérico(4), gambas(3), arroz negro(3), tortilla(2)","pulpo(6), jamón ibérico(4), gambas(3), arroz negro(3), tortilla(2), chipirones(2), entrecot(1), helado(1), calamares(1), zamburiñas(1), filete(1), lubina(1), lomo(1), sangria(1), pimientos(1)",,"comida, excelente, paella, servicio, atención"
61,Lola Si Mola,"Calle de las Huertas, 55",90,4.7,4.467,87.8,4.4,7.8,7,19,63,16,4,4,3,73,76,42,15,11,3,1,11,24,3,0,0,14,81.1,84.4,46.7,16.7,12.2,3.3,1.1,12.2,26.7,3.3,0.0,0.0,15.6,64,66,37,12,7,2,1,7,23,2,0,0,12,5,6,3,1,1,1,0,2,0,0,0,0,1,4.49,4.42,4.4,4.47,3.82,3.33,5.0,3.91,4.75,4.33,,,4.57,True,True,True,True,True,False,False,True,True,False,False,False,True,False,False,False,False,False,False,"paella(13), sangría(6), pulpo(6), croquetas(4), filete(3)","paella(13), sangría(6), pulpo(6), croquetas(4), filete(3), brownie(2), mousse(2), gazpacho(1), salmorejo(1), lomo(1), arroz(1)",,"comida, buena, servicio, atención, restaurante"
62,La Tasqueria de Javi Estevez,"Calle Modesto Lafuente, 82",90,4.6,4.178,83.3,4.4,12.2,11,35,46,29,4,7,4,63,76,29,23,12,0,1,2,32,2,3,2,27,70.0,84.4,32.2,25.6,13.3,0.0,1.1,2.2,35.6,2.2,3.3,2.2,30.0,50,63,27,18,8,0,1,1,26,2,3,2,25,9,10,1,4,4,0,0,1,4,0,0,0,1,4.1,4.17,4.34,3.87,3.67,,5.0,3.0,4.03,4.5,4.33,5.0,4.3,True,True,True,True,True,False,False,False,True,False,False,False,True,False,False,False,False,False,False,"cordero(5), fideua(4), cochinillo confitada(4), cochinillo frita(3), callos pata(3)","cordero(5), fideua(4), cochinillo confitada(4), cochinillo frita(3), callos pata(3), croquetas(3), manitas(2), tortilla(2), mejillones(2), helado(2), foie papada(2), cecina(1), ensaladilla(1), oreja(1)",,"platos, menú, casquería, restaurante, servicio"
63,Sa Vida Wine Restaurant,"Calle Doctor Fleming, 51",90,4.6,4.744,92.2,5.6,2.2,2,11,76,7,5,2,0,57,83,21,15,4,3,1,2,32,5,2,0,7,63.3,92.2,23.3,16.7,4.4,3.3,1.1,2.2,35.6,5.6,2.2,0.0,7.8,55,77,19,12,2,3,0,2,28,4,1,0,6,0,2,1,1,1,0,0,0,1,1,1,0,0,4.84,4.75,4.67,4.27,3.75,4.67,3.0,5.0,4.59,4.4,3.5,,4.57,True,True,True,True,False,False,False,False,True,False,False,False,False,False,False,False,False,False,False,"croquetas(5), bacalao(4), cochinillo(2), arroz meloso(2), rabo(1)","croquetas(5), bacalao(4), cochinillo(2), arroz meloso(2), rabo(1), gambas(1), risotto(1), foie(1), solomillo(1), pulpo(1)",,"comida, vinos, servicio, platos, calidad"
64,La Pizzateca,"Calle León, 35",90,4.6,4.789,94.4,2.2,3.3,3,12,80,5,2,2,1,68,53,23,16,7,5,3,12,22,0,0,0,7,75.6,58.9,25.6,17.8,7.8,5.6,3.3,13.3,24.4,0.0,0.0,0.0,7.8,66,49,22,14,5,5,3,10,20,0,0,0,6,2,3,1,1,1,0,0,1,1,0,0,0,0,4.82,4.7,4.7,4.5,4.29,5.0,5.0,4.58,4.77,,,,4.71,True,True,True,True,False,False,False,True,True,False,False,False,False,False,False,False,False,False,False,"pasta(4), pizza margarita(2), tacos(1), carbonara(1), chorizo(1)","pasta(4), pizza margarita(2), tacos(1), carbonara(1), chorizo(1)",,"pizza, comida, pizzas, servicio, excelente"
65,Maruzzella,"Calle Raimundo Fernandez Villaverde, 28",90,4.6,4.811,95.6,2.2,2.2,2,10,81,5,2,0,2,73,68,22,4,4,4,1,8,30,6,0,0,7,81.1,75.6,24.4,4.4,4.4,4.4,1.1,8.9,33.3,6.7,0.0,0.0,7.8,70,64,22,4,4,4,1,8,29,6,0,0,7,2,2,0,0,0,0,0,0,1,0,0,0,0,4.81,4.79,4.91,5.0,5.0,4.75,5.0,4.88,4.87,5.0,,,4.86,True,True,True,False,False,False,False,False,True,False,False,False,False,False,False,False,False,False,False,"pasta(8), tiramisú(5), lasaña(3), carbonara(3), tagliatelle(2)","pasta(8), tiramisú(5), lasaña(3), carbonara(3), tagliatelle(2), jamon(1), atún(1), mejillones(1)",,"comida, atención, servicio, buena, excelente"
66,La Cabaña Argentina,"Calle Ventura de la Vega, 10",90,4.5,4.067,72.2,14.4,13.3,12,28,49,16,13,6,6,64,70,26,16,11,0,4,9,26,1,0,0,21,71.1,77.8,28.9,17.8,12.2,0.0,4.4,10.0,28.9,1.1,0.0,0.0,23.3,51,54,22,10,4,0,4,8,21,1,0,0,18,5,5,1,2,3,0,0,1,1,0,0,0,2,4.28,4.24,4.46,3.75,3.45,,4.25,4.33,4.31,4.0,,,4.33,True,True,True,True,True,False,False,False,True,False,False,False,True,False,False,False,False,False,False,"mollejas(9), lomo alto(3), lomo bajo(3), jamón(2), brownie(2)","mollejas(9), lomo alto(3), lomo bajo(3), jamón(2), brownie(2), cochinillo(2), papas fritas(2), empanadas filetes(2)",,"comida, servicio, carne, restaurante, madrid"
67,MU! El Placer de la Carne II,"Calle de la Victoria, 12",90,4.7,4.578,88.9,4.4,6.7,6,16,72,8,4,2,4,74,66,15,37,12,2,2,7,22,2,1,0,5,82.2,73.3,16.7,41.1,13.3,2.2,2.2,7.8,24.4,2.2,1.1,0.0,5.6,65,59,13,35,9,2,1,4,19,1,0,0,3,6,5,1,2,1,0,0,1,2,1,0,0,1,4.54,4.61,4.6,4.76,4.33,5.0,4.0,3.57,4.55,3.0,3.0,,3.6,True,True,True,True,True,False,False,False,True,False,False,False,False,False,False,False,False,False,False,"empanadas(4), entraña(3), flan(2), filete(2), chorizo(2)","empanadas(4), entraña(3), flan(2), filete(2), chorizo(2), lomo alto(2), empanada ensalada(2), salmón(1), helado(1), morcilla(1)",,"comida, carne, atención, excelente, buena"
68,La Gaditana Retiro,"Calle Doctor Castelo, 26",91,4.9,4.901,98.9,0.0,1.1,1,10,85,5,0,0,1,73,47,10,5,1,0,0,3,15,0,0,1,9,80.2,51.6,11.0,5.5,1.1,0.0,0.0,3.3,16.5,0.0,0.0,1.1,9.9,73,47,10,5,1,0,0,3,15,0,0,1,9,0,0,0,0,0,0,0,0,0,0,0,0,0,4.95,4.89,4.9,4.6,5.0,,,5.0,5.0,,,5.0,5.0,True,True,True,False,False,False,False,False,True,False,False,False,False,False,False,False,False,False,False,"atún(4), arroz(3), zamburiñas(2), tarta(2), rabo(1)","atún(4), arroz(3), zamburiñas(2), tarta(2), rabo(1), solomillo(1), rodaballo(1), pulpo(1), vermut(1), rape(1)",,"félix, comida, atención, felix, servicio"
69,Amordmadre,"Calle Sierra de Palomeras, 40",91,4.8,4.571,90.1,5.5,4.4,4,13,68,14,5,1,3,64,73,15,19,9,2,1,8,29,13,0,0,17,70.3,80.2,16.5,20.9,9.9,2.2,1.1,8.8,31.9,14.3,0.0,0.0,18.7,61,68,13,14,8,2,1,8,28,11,0,0,13,0,2,0,2,0,0,0,0,1,2,0,0,1,4.75,4.67,4.6,4.11,4.56,4.5,4.0,4.88,4.72,4.15,,,4.29,True,True,True,True,False,False,False,False,True,True,False,False,True,False,False,False,False,False,False,"oreja(7), entraña(5), croquetas(4), pulpo(2), atún(2)","oreja(7), entraña(5), croquetas(4), pulpo(2), atún(2), ensaladilla(2), guacamole(1), curry(1), gambas(1), bizcocho(1), salmón(1), tiramisú(1), gyozas(1), lomo(1), langostinos(1)",,"comida, platos, siempre, trato, servicio"
70,DiverXO,"Calle del Padre Damián, 23",94,4.5,3.096,48.9,9.6,41.5,39,49,27,19,9,14,25,43,73,23,35,24,1,0,6,36,6,5,1,31,45.7,77.7,24.5,37.2,25.5,1.1,0.0,6.4,38.3,6.4,5.3,1.1,33.0,30,39,11,13,14,1,0,5,20,3,1,0,18,10,27,8,16,8,0,0,1,14,3,3,0,12,3.7,3.26,3.26,2.86,3.25,5.0,,4.17,3.14,2.83,2.2,3.0,3.26,True,True,True,True,True,False,False,False,True,False,False,False,True,False,False,False,False,False,False,"angulas(2), percebes(2), cordero(1), pasta(1), tarta(1)","angulas(2), percebes(2), cordero(1), pasta(1), tarta(1), jamón(1), arroz(1), gazpacho(1), tiramisú(1), bogavante(1), sushi(1), oreja(1), kokotxas(1), ceviche(1)",,"experiencia, platos, comida, menú, sabores"
71,Bosque De Piamonte,"Calle de Fuencarral, 86",91,4.9,4.659,93.4,0.0,6.6,6,10,76,9,0,2,4,72,74,27,36,12,6,3,3,27,1,0,0,8,79.1,81.3,29.7,39.6,13.2,6.6,3.3,3.3,29.7,1.1,0.0,0.0,8.8,69,70,26,34,11,6,3,3,27,0,0,0,7,3,4,1,2,1,0,0,0,0,1,0,0,1,4.75,4.73,4.74,4.69,4.58,5.0,5.0,5.0,5.0,2.0,,,4.38,True,True,True,True,True,False,False,False,True,False,False,False,False,False,False,False,False,False,False,"pasta(11), tiramisu(5), risotto(4), lasaña(4), tagliatelle napoli(2)","pasta(11), tiramisu(5), risotto(4), lasaña(4), tagliatelle napoli(2), sangria(1), gambas(1), carbonara(1), espaguetis(1)",,"comida, buena, atención, precio, pizza"
72,Steakburger Las Tablas,"Calle Palas del Rey, 38",94,4.9,4.564,90.4,0.0,9.6,9,9,77,8,0,3,6,77,52,22,8,7,7,3,13,21,0,0,0,18,81.9,55.3,23.4,8.5,7.4,7.4,3.2,13.8,22.3,0.0,0.0,0.0,19.1,72,50,22,6,5,7,3,11,21,0,0,0,18,5,2,0,2,2,0,0,2,0,0,0,0,0,4.7,4.81,4.82,3.88,4.0,4.86,4.67,4.38,4.95,,,,4.94,True,True,True,False,False,False,False,True,True,False,False,False,True,False,False,False,False,False,False,"nachos(5), brownie(3), sangría(2), costillar(2), lomo bajo(2)","nachos(5), brownie(3), sangría(2), costillar(2), lomo bajo(2), chorizo(1), margarita(1), chuletón(1)",,"comida, atención, servicio, excelente, hamburguesas"
73,Kausa Madrid 1,"Calle de Bordadores, 5",96,4.7,4.292,83.3,1.0,15.6,15,10,72,8,1,2,13,63,80,13,15,7,2,2,4,20,3,0,0,3,65.6,83.3,13.5,15.6,7.3,2.1,2.1,4.2,20.8,3.1,0.0,0.0,3.1,62,73,11,14,4,2,2,4,19,2,0,0,3,1,7,2,1,3,0,0,0,1,1,0,0,0,4.86,4.56,4.15,4.53,3.29,5.0,4.5,5.0,4.8,3.67,,,5.0,True,True,True,True,False,False,False,False,True,False,False,False,False,False,False,False,False,False,False,"causa limeña(6), tiradito(3), lomo saltado(3), lomo salteado(3), tequeños(2)","causa limeña(6), tiradito(3), lomo saltado(3), lomo salteado(3), tequeños(2), tarta(2), arroz chaufa(2), mejillones(1), anticuchos(1), suspiro(1)",,"comida, buena, atención, rico, excelente"
74,Bestial By Rosi La Loca,"Calle del Prado, 4",91,4.7,4.407,82.4,6.6,11.0,10,16,68,7,6,5,5,70,66,41,16,9,6,0,4,32,1,2,9,13,76.9,72.5,45.1,17.6,9.9,6.6,0.0,4.4,35.2,1.1,2.2,9.9,14.3,58,56,34,10,6,6,0,2,25,0,0,7,12,7,6,4,4,2,0,0,2,5,0,2,1,1,4.44,4.47,4.39,3.88,3.78,4.5,,3.25,4.25,3.0,2.0,4.11,4.62,True,True,True,True,False,False,False,False,True,False,False,False,True,False,False,False,False,False,False,"tiramisú(5), pulpo(4), croquetas(3), atún(2), falso risotto(2)","tiramisú(5), pulpo(4), croquetas(3), atún(2), falso risotto(2), lubina(1), lomo(1), calamares(1), zamburiñas(1), salmón(1), jamón(1), tarta(1), ceviche(1)",,"comida, experiencia, buena, servicio, atención"
75,sr.Ito,"Calle Pelayo, 60",91,4.6,4.615,91.2,3.3,5.5,5,10,73,10,3,1,4,67,78,32,22,6,4,0,3,33,0,0,0,15,73.6,85.7,35.2,24.2,6.6,4.4,0.0,3.3,36.3,0.0,0.0,0.0,16.5,64,73,31,18,3,4,0,3,30,0,0,0,13,2,3,0,2,2,0,0,0,3,0,0,0,1,4.76,4.68,4.72,4.36,3.17,5.0,,5.0,4.52,,,,4.33,True,True,True,True,False,False,False,False,True,False,False,False,True,False,False,False,False,False,False,"sushi(8), atún(3), salmón(3), edamame(1), miso(1)","sushi(8), atún(3), salmón(3), edamame(1), miso(1), tempura(1), tiradito(1), centollo(1), tacos(1)",,"comida, calidad, experiencia, atención, buena"
76,Tacos & Tapas,"Calle Redondilla, 7",94,4.7,4.521,88.3,6.4,5.3,5,21,69,14,6,1,4,66,74,44,25,6,10,1,4,59,3,1,0,24,70.2,78.7,46.8,26.6,6.4,10.6,1.1,4.3,62.8,3.2,1.1,0.0,25.5,62,68,42,21,6,9,1,4,54,3,1,0,23,1,1,0,0,0,0,0,0,1,0,0,0,0,4.7,4.64,4.68,4.36,4.67,4.4,5.0,5.0,4.64,4.33,5.0,,4.67,True,True,True,True,False,True,False,False,True,False,False,False,True,False,False,False,False,False,False,"guacamole(8), ceviche(2), carrillera(2), cordero barbacoa(2), tacos cochinita(2)","guacamole(8), ceviche(2), carrillera(2), cordero barbacoa(2), tacos cochinita(2), vienen tacos(2), corona tarta(2), nachos espectaculares(2), nachos supremos(2), gambas(1), langosta(1), pulpo(1)",,"comida, tacos, atención, nachos, restaurante"
77,La Burbujería,"Calle del Barco, 7",97,4.9,4.371,85.6,0.0,14.4,14,16,72,11,0,6,8,70,80,30,16,7,8,1,6,31,6,0,0,21,72.2,82.5,30.9,16.5,7.2,8.2,1.0,6.2,32.0,6.2,0.0,0.0,21.6,68,76,28,15,6,8,1,6,29,5,0,0,20,2,4,2,1,1,0,0,0,2,1,0,0,1,4.79,4.71,4.7,4.69,4.43,4.88,5.0,4.83,4.65,4.33,,,4.81,True,True,True,True,False,False,False,False,True,False,False,False,True,False,False,False,False,False,False,"croquetas(10), tiramisú(7), ensaladilla(6), chorizo(3), cordero(3)","croquetas(10), tiramisú(7), ensaladilla(6), chorizo(3), cordero(3), panna cotta(3), salmón(2), filete(2), sepia(2), anchoas(2), gambas(2), tempura(2), pimientos(2), jamón(2)",,"comida, servicio, calidad, gran, madrid"
78,Tinto Y Tapas Principe,"Calle Príncipe, 4",94,4.5,4.181,80.9,3.2,16.0,15,26,60,16,3,5,10,62,69,33,31,8,3,3,7,30,2,0,0,7,66.0,73.4,35.1,33.0,8.5,3.2,3.2,7.4,31.9,2.1,0.0,0.0,7.4,54,60,27,26,5,3,3,6,29,2,0,0,6,7,8,6,4,3,0,0,1,1,0,0,0,1,4.42,4.33,4.18,4.26,3.5,4.0,4.67,4.29,4.67,5.0,,,4.43,True,True,True,True,False,False,False,False,True,False,False,False,False,False,False,False,False,False,False,"empanadas argentinas(4), salmón(4), jamón(3), dos tostas(3), atún(2)","empanadas argentinas(4), salmón(4), jamón(3), dos tostas(3), atún(2), dos empanadas(2), solomillo espectaculares(2), tres empanadas(2), sangría(1), chuleton(1), chorizo(1), cecina(1)",,"comida, empanadas, buena, tostas, pizzas"
79,Everest Tandoori Nepali-Indian Restaurant,"Calle de Pegaso, 13",94,4.6,4.34,84.0,5.3,10.6,10,23,64,15,5,3,7,59,78,12,29,9,3,1,4,37,13,0,1,9,62.8,83.0,12.8,30.9,9.6,3.2,1.1,4.3,39.4,13.8,0.0,1.1,9.6,54,70,11,25,8,2,1,4,35,11,0,1,8,1,4,0,2,1,0,0,0,1,2,0,0,1,4.64,4.56,4.42,4.34,4.56,4.0,5.0,4.5,4.68,4.23,,5.0,4.33,True,True,True,True,False,False,False,False,True,True,False,False,False,False,False,False,False,False,False,"curry(5), tikka masala(5), gambas(3), langostinos(2), pollo tandoori(2)","curry(5), tikka masala(5), gambas(3), langostinos(2), pollo tandoori(2), cordero pollo(2), cheese naan(2), secreto(1)",,"comida, buena, restaurante, buen, servicio"
80,Café Astral,"Camino Viejo de Leganés, 82",91,4.9,4.769,95.6,2.2,2.2,2,8,78,9,2,0,2,75,71,10,5,2,3,0,5,18,8,0,1,20,82.4,78.0,11.0,5.5,2.2,3.3,0.0,5.5,19.8,8.8,0.0,1.1,22.0,74,69,10,5,2,3,0,5,18,8,0,1,20,1,0,0,0,0,0,0,0,0,0,0,0,0,4.87,4.86,4.8,4.8,5.0,4.33,,5.0,4.89,4.75,,5.0,4.85,True,True,True,False,False,False,False,False,True,False,False,False,True,False,False,False,False,False,False,"cochinillo(5), croquetas(3), oreja(2), pulpo(2), huevos estrellados(2)","cochinillo(5), croquetas(3), oreja(2), pulpo(2), huevos estrellados(2), pimientos(1), morcilla(1), solomillo(1), salmón(1), jamón(1), filete(1)",,"comida, atención, camareros, excelente, trato"
81,Kuoco 360 food,"Calle Barquillo, 30",93,4.6,4.269,80.6,5.4,14.0,13,16,61,14,5,8,5,67,86,29,29,12,4,1,1,46,6,0,0,21,72.0,92.5,31.2,31.2,12.9,4.3,1.1,1.1,49.5,6.5,0.0,0.0,22.6,55,71,23,23,7,3,1,1,38,6,0,0,18,7,10,4,5,4,1,0,0,4,0,0,0,2,4.34,4.36,4.17,4.07,3.58,3.75,5.0,5.0,4.37,4.83,,,4.48,True,True,True,True,True,False,False,False,True,False,False,False,True,False,False,False,False,False,False,"ceviche(5), croquetas(3), pulpo(2), carrillera(2), migas(2)","ceviche(5), croquetas(3), pulpo(2), carrillera(2), migas(2), bogavante(2), black ravioli(2), mojito(1), mojo(1), margarita(1), arroz(1), navajas(1), carrillada(1), centollo(1), langosta(1)",,"platos, comida, menú, sabores, servicio"
82,SteakBurger Castellana 89,"Paseo de la Castellana, 89",96,4.9,4.385,88.5,1.0,10.4,10,14,67,18,1,1,9,74,65,20,12,8,6,6,9,22,1,0,0,8,77.1,67.7,20.8,12.5,8.3,6.2,6.2,9.4,22.9,1.0,0.0,0.0,8.3,70,61,19,12,7,6,6,9,22,1,0,0,8,3,3,0,0,1,0,0,0,0,0,0,0,0,4.65,4.63,4.4,4.83,4.25,4.5,5.0,4.89,4.91,5.0,,,4.5,True,True,True,True,False,False,False,False,True,False,False,False,False,False,False,False,False,False,False,"costillar(4), chuletón(3), filete(1), solomillo(1), empanada(1)","costillar(4), chuletón(3), filete(1), solomillo(1), empanada(1), helado(1), nachos(1), lomo(1), pimientos(1)",,"comida, servicio, excelente, atención, buena"
83,Pizzeria Fratelli,"Calle Quero, 83-85",102,4.7,4.451,86.3,1.0,12.7,13,5,86,2,1,0,13,73,59,14,11,9,2,1,9,20,9,0,0,13,71.6,57.8,13.7,10.8,8.8,2.0,1.0,8.8,19.6,8.8,0.0,0.0,12.7,72,59,13,11,9,2,1,8,19,9,0,0,13,1,0,1,0,0,0,0,1,1,0,0,0,0,4.92,4.97,4.64,4.91,5.0,5.0,4.0,4.56,4.75,5.0,,,4.85,True,True,True,True,False,False,False,False,True,False,False,False,True,False,False,False,False,False,False,"pasta rellena(2), crepe(1), flan(1), morcilla(1), migas(1)","pasta rellena(2), crepe(1), flan(1), morcilla(1), migas(1)",,"hugo, comida, pizzas, atención, siempre"
84,La berenjena,"Calle Marqués de Toca, 7",93,4.6,4.0,74.2,9.7,16.1,15,29,46,23,9,8,7,55,72,37,24,13,4,0,1,30,6,0,0,12,59.1,77.4,39.8,25.8,14.0,4.3,0.0,1.1,32.3,6.5,0.0,0.0,12.9,41,54,30,16,7,4,0,1,23,6,0,0,9,8,10,4,6,3,0,0,0,3,0,0,0,1,4.07,4.03,4.16,3.71,3.69,4.5,,4.0,4.07,4.33,,,4.08,True,True,True,True,True,False,False,False,True,False,False,False,True,False,False,False,False,False,False,"rodaballo(6), berenjenas(5), navajas(5), croquetas(5), entraña(4)","rodaballo(6), berenjenas(5), navajas(5), croquetas(5), entraña(4), bacalao(3), mejillones(3), gyozas(3), falso risotto(3), langostinos rellenos(3), morcilla(2), carrillera(2), carrillada(1), pulpo(1), foie(1)",,"comida, platos, ensalada, buena, local"
85,Angelita Madrid,"Calle de la Reina, 4",96,4.6,4.177,78.1,6.2,15.6,15,27,63,12,6,5,10,60,77,29,28,10,1,2,7,31,5,1,2,20,62.5,80.2,30.2,29.2,10.4,1.0,2.1,7.3,32.3,5.2,1.0,2.1,20.8,52,64,23,19,7,1,1,6,24,2,1,2,16,6,8,3,6,2,0,1,0,5,2,0,0,2,4.45,4.36,4.28,3.86,4.0,4.0,3.0,4.71,4.26,3.0,5.0,5.0,4.35,True,True,True,True,True,False,False,False,True,False,False,False,True,False,False,False,False,False,False,"pisto(6), ratatouille(4), salmón(3), callos(3), tortilla vaga(2)","pisto(6), ratatouille(4), salmón(3), callos(3), tortilla vaga(2), presa(1), tarta(1), ceviche(1), pluma(1), pasta(1), oreja(1), mejillones(1), helado(1), pimientos(1), jamón(1)",,"comida, restaurante, servicio, vinos, madrid"
86,Casa Lucas,"Calle de la Cava Baja, 30",90,4.5,4.278,82.2,5.6,12.2,11,24,56,18,5,7,4,56,62,32,17,16,3,1,4,25,1,1,1,12,62.2,68.9,35.6,18.9,17.8,3.3,1.1,4.4,27.8,1.1,1.1,1.1,13.3,50,55,26,11,13,3,1,3,23,0,1,0,9,5,3,2,4,2,0,0,1,2,0,0,0,3,4.48,4.48,4.31,3.71,4.25,4.67,4.0,4.0,4.48,3.0,4.0,3.0,3.92,True,True,True,True,True,False,False,False,True,False,False,False,True,False,False,False,False,False,False,"morcilla(5), calamares(5), croquetas mixtas(4), atún(3), tostas(3)","morcilla(5), calamares(5), croquetas mixtas(4), atún(3), tostas(3), manitas(2), callos(2), foie(2), bacalao(2), arroz cremoso(2), vermut(1), jamón(1), pintxos(1), chorizo(1), gambas(1)",,"comida, lugar, vino, servicio, madrid"
87,Taberna la Concha,"Calle de la Cava Baja, 7",90,4.5,4.289,82.2,4.4,13.3,12,25,63,11,4,3,9,49,53,34,19,16,2,2,5,27,4,1,0,14,54.4,58.9,37.8,21.1,17.8,2.2,2.2,5.6,30.0,4.4,1.1,0.0,15.6,39,43,28,15,10,1,2,4,26,2,1,0,11,9,9,2,2,4,0,0,0,1,2,0,0,3,4.12,4.25,4.38,4.26,3.69,3.5,5.0,4.6,4.81,3.0,5.0,,4.29,True,True,True,True,True,False,False,False,True,False,False,False,True,False,False,False,False,False,False,"tostas(6), gambas(4), curry(4), carrillera(3), vermut casero(3)","tostas(6), gambas(4), curry(4), carrillera(3), vermut casero(3), migas(2), callos(2), tarta(2), solomillo(2), albóndigas caseras(2), vermú casero(2), martini(1), negroni(1), calamares(1), pulpo(1)",,"tapas, vermut, lugar, madrid, comida"
88,Vinos de Bellota,"Calle Antonio Acuña, 27",90,4.6,4.433,86.7,3.3,10.0,9,13,65,13,3,4,5,61,68,25,33,3,4,2,10,27,9,0,0,6,67.8,75.6,27.8,36.7,3.3,4.4,2.2,11.1,30.0,10.0,0.0,0.0,6.7,55,60,18,28,2,2,2,10,24,7,0,0,5,3,6,5,3,1,0,0,0,3,2,0,0,1,4.62,4.49,3.92,4.33,4.0,4.0,4.0,4.9,4.52,4.0,,,4.0,True,True,True,True,False,False,False,True,True,False,False,False,False,False,False,False,False,False,False,"tiramisú(8), foie(5), jamón(5), morcilla(4), mojo(3)","tiramisú(8), foie(5), jamón(5), morcilla(4), mojo(3), pimientos rellenos(3), mejillones(2), pluma ibérica(2), anchoas(1), fideua(1), presa(1), gambas(1), soufflé(1), migas(1), helado(1)",,"comida, calidad, servicio, buena, precio"
89,Tapa Tapa Arenal,"Calle del Arenal, 15",90,4.4,4.178,81.1,2.2,16.7,15,15,60,13,2,3,12,69,62,15,10,14,3,2,10,18,1,0,0,6,76.7,68.9,16.7,11.1,15.6,3.3,2.2,11.1,20.0,1.1,0.0,0.0,6.7,60,51,14,7,11,2,2,8,16,1,0,0,5,7,10,1,3,3,1,0,2,2,0,0,0,1,4.39,4.23,4.53,3.6,3.79,4.0,5.0,4.2,4.5,5.0,,,4.33,True,True,True,True,True,False,False,True,True,False,False,False,False,False,False,False,False,False,False,"sangría(5), paella(4), croquetas(2), lomo(2), empanadas(2)","sangría(5), paella(4), croquetas(2), lomo(2), empanadas(2), jamón ibérico(2), patatas bravas(2), tortilla(1), gambas(1), pimientos(1)",,"comida, atención, servicio, buena, excelente"
90,Almalibre Açaí House,"Calle de la Libertad, 17",90,4.9,4.733,93.3,1.1,5.6,5,12,79,5,1,3,2,53,66,33,6,8,9,4,1,24,2,1,0,12,58.9,73.3,36.7,6.7,8.9,10.0,4.4,1.1,26.7,2.2,1.1,0.0,13.3,50,61,30,5,7,9,4,1,21,2,1,0,11,2,4,3,1,1,0,0,0,3,0,0,0,1,4.79,4.73,4.64,4.17,4.38,4.78,5.0,5.0,4.58,5.0,5.0,,4.75,True,True,True,False,False,False,False,False,True,False,False,False,True,False,False,False,False,False,False,"margarita(2), waffle(1), hummus(1)","margarita(2), waffle(1), hummus(1)",,"comida, lugar, atención, mejor, buena"
91,Vinitus Gran Vía Madrid,"Calle Gran Vía, 4",94,4.6,4.149,81.9,6.4,11.7,11,22,51,26,6,2,9,56,66,34,38,27,1,2,5,21,1,0,1,11,59.6,70.2,36.2,40.4,28.7,1.1,2.1,5.3,22.3,1.1,0.0,1.1,11.7,49,55,30,35,21,1,2,5,18,0,0,1,9,4,6,2,0,4,0,0,0,2,0,0,0,2,4.38,4.26,4.32,4.53,4.0,4.0,4.5,4.4,4.19,3.0,,4.0,3.91,True,True,True,True,True,False,False,False,True,False,False,False,True,False,False,False,False,False,False,"tortilla(4), bacalao(4), sangría(4), helado(3), croquetas(3)","tortilla(4), bacalao(4), sangría(4), helado(3), croquetas(3), gambas(3), pulpo(3), patatas bravas(3), brownie(2), filete(2), oreja(2), ensaladilla(2), foie gras(2), morcilla(1)",,"tapas, comida, servicio, madrid, gran"
92,Gandarío,"Calle de Gaztambide, 28",96,4.7,4.354,85.4,3.1,11.5,11,23,68,14,3,2,9,50,46,32,36,12,4,1,4,33,6,0,0,11,52.1,47.9,33.3,37.5,12.5,4.2,1.0,4.2,34.4,6.2,0.0,0.0,11.5,47,42,29,34,10,4,1,4,32,6,0,0,11,3,2,2,0,1,0,0,0,0,0,0,0,0,4.66,4.54,4.5,4.69,4.25,4.25,4.0,5.0,4.79,5.0,,,4.82,True,True,True,True,True,False,False,False,True,False,False,False,True,False,False,False,False,False,False,"croquetas(7), tortilla(5), chorizo(2), filete(1), tostas(1)","croquetas(7), tortilla(5), chorizo(2), filete(1), tostas(1), secreto(1), tequeños(1), calamares(1), entrecot(1)",,"tablas, sitio, comida, madrid, buen"
93,Matilda,"Calle de Almadén, 15",96,4.6,4.448,89.6,1.0,9.4,9,23,71,15,1,0,9,66,63,43,26,10,2,0,7,34,1,1,0,15,68.8,65.6,44.8,27.1,10.4,2.1,0.0,7.3,35.4,1.0,1.0,0.0,15.6,62,61,43,26,10,2,0,7,32,1,1,0,15,3,1,0,0,0,0,0,0,1,0,0,0,0,4.64,4.75,4.79,4.88,4.8,5.0,,4.71,4.68,4.0,4.0,,4.87,True,True,True,True,True,False,False,False,True,False,False,False,True,False,False,False,False,False,False,"gazpacho(2), jamón(2), bizcocho(2), risotto(1), merluza(1)","gazpacho(2), jamón(2), bizcocho(2), risotto(1), merluza(1), flan(1), pasta(1), arroz(1), tostas(1), lomo(1), chorizo(1), lasaña(1)",,"comida, lugar, atención, excelente, madrid"
94,Arpit,"Calle Maria Tubau, 19",96,4.7,4.396,87.5,2.1,10.4,10,14,70,14,2,0,10,70,74,18,14,4,3,6,5,36,3,0,0,8,72.9,77.1,18.8,14.6,4.2,3.1,6.2,5.2,37.5,3.1,0.0,0.0,8.3,68,69,16,13,3,3,6,5,36,3,0,0,8,1,3,1,1,1,0,0,0,0,0,0,0,0,4.79,4.62,4.39,4.57,4.0,5.0,4.67,5.0,4.81,5.0,,,4.88,True,True,True,True,False,False,False,False,True,False,False,False,False,False,False,False,False,False,False,"arroz(6), cordero(3), korma(2), tikka masala(2), naan(1)","arroz(6), cordero(3), korma(2), tikka masala(2), naan(1), gambas(1), albóndigas(1)",,"comida, atención, restaurante, excelente, volveremos"
95,Bacira,"Calle del Castillo, 16",93,4.5,4.054,73.1,12.9,14.0,13,25,52,16,12,4,9,58,80,22,30,13,5,0,4,38,6,1,1,16,62.4,86.0,23.7,32.3,14.0,5.4,0.0,4.3,40.9,6.5,1.1,1.1,17.2,42,59,16,23,7,3,0,3,28,5,0,1,11,8,10,0,2,6,0,0,0,4,1,0,0,2,3.98,4.1,4.18,4.23,3.15,3.8,,4.25,4.08,4.0,3.0,5.0,3.94,True,True,True,True,True,False,False,False,True,False,False,False,True,False,False,False,False,False,False,"carrillera(5), foie(4), callos(4), salmón(3), curry(3)","carrillera(5), foie(4), callos(4), salmón(3), curry(3), gambas(3), pulpo(3), croquetas(3), arroz(2), helado(2), cordero(2), ensaladilla rusa(2), increibles tiradito(2), jamón(1)",,"platos, comida, servicio, cocina, calidad"
96,Purnima Indian Restaurant,"Calle Goya, 110",90,4.5,4.211,76.7,7.8,15.6,14,16,64,5,7,4,10,73,80,43,23,10,4,0,5,33,5,5,0,14,81.1,88.9,47.8,25.6,11.1,4.4,0.0,5.6,36.7,5.6,5.6,0.0,15.6,59,63,37,16,6,2,0,4,26,4,5,0,10,7,10,5,3,2,1,0,1,5,0,0,0,3,4.37,4.31,4.4,4.17,3.8,3.5,,4.0,4.24,4.6,5.0,,4.14,True,True,True,True,True,False,False,False,True,False,False,False,True,False,False,False,False,False,False,"cordero(5), arroz(4), tandoori(4), tikka masala(2), gambas(1)","cordero(5), arroz(4), tandoori(4), tikka masala(2), gambas(1), nachos(1), korma(1), samosa(1), curry(1), naan(1)",,"comida, restaurante, decoración, platos, servicio"
97,Casa Jaguar Madrid,"Calle de los Caños del Peral, 9",96,4.6,4.219,80.2,6.2,13.5,13,22,64,13,6,2,11,65,79,31,21,6,12,0,3,28,4,0,1,11,67.7,82.3,32.3,21.9,6.2,12.5,0.0,3.1,29.2,4.2,0.0,1.0,11.5,58,69,29,16,4,11,0,2,24,3,0,1,9,4,5,0,2,1,1,0,1,2,0,0,0,0,4.57,4.49,4.71,4.14,3.83,4.42,,4.0,4.46,4.25,,5.0,4.55,True,True,True,True,False,True,False,False,True,False,False,False,True,False,False,False,False,False,False,"arepas(12), lubina(8), langostinos(3), arroz(2), empanadas(2)","arepas(12), lubina(8), langostinos(3), arroz(2), empanadas(2), margarita(2), lomo(2), guacamole(2), helado(1), nachos(1), solomillo(1), calamares(1), gambas(1), pulpo(1)",,"comida, excelente, buena, sitio, servicio"
98,WelkhomeClub,"Calle Monte Esquinza, 15",93,4.8,4.688,94.6,0.0,5.4,5,10,78,10,0,1,4,61,86,31,8,6,6,0,5,27,1,0,0,10,65.6,92.5,33.3,8.6,6.5,6.5,0.0,5.4,29.0,1.1,0.0,0.0,10.8,61,84,31,8,6,6,0,5,26,1,0,0,10,0,2,0,0,0,0,0,0,1,0,0,0,0,4.85,4.8,4.84,4.75,4.5,4.83,,5.0,4.7,4.0,,,4.9,True,True,True,False,False,False,False,False,True,False,False,False,True,False,False,False,False,False,False,"brownie(3), sushi(2), tacos(1), helado(1), nachos(1)","brownie(3), sushi(2), tacos(1), helado(1), nachos(1)",,"comida, servicio, sitio, atención, recomendable"
99,Trattoria Malatesta,"Calle Colorelos, 5",99,4.4,3.747,66.7,6.1,27.3,27,25,56,10,6,6,21,68,65,20,27,17,2,2,8,27,5,0,0,12,68.7,65.7,20.2,27.3,17.2,2.0,2.0,8.1,27.3,5.1,0.0,0.0,12.1,47,49,14,21,5,0,2,6,20,2,0,0,7,16,13,5,4,10,2,0,2,6,3,0,0,4,3.87,4.06,3.85,4.19,2.53,1.5,5.0,3.88,4.07,2.8,,,3.5,True,True,True,True,True,False,False,False,True,False,False,False,True,False,False,False,False,False,False,"tagliatelle(4), carbonara(4), paella(3), tiramisú(3), pulpo(2)","tagliatelle(4), carbonara(4), paella(3), tiramisú(3), pulpo(2), margarita(1), risotto(1), arroz(1), causa(1), berenjenas(1), jamón(1), presa(1), mejillones(1), ravioli(1)",,"comida, pasta, pizza, buena, servicio"
100,Restaurante Alabaster,"Calle Montalbán, 9",90,4.5,4.611,90.0,6.7,3.3,3,22,67,14,6,3,0,71,78,35,25,14,3,1,7,28,7,1,0,19,78.9,86.7,38.9,27.8,15.6,3.3,1.1,7.8,31.1,7.8,1.1,0.0,21.1,65,69,33,19,9,3,1,6,26,7,1,0,18,2,3,0,2,2,0,0,0,1,0,0,0,0,4.66,4.58,4.6,4.16,4.0,5.0,4.0,4.57,4.64,4.86,5.0,,4.68,True,True,True,True,True,False,False,False,True,False,False,False,True,False,False,False,False,False,False,"zamburiñas(6), navajas(5), pil pil(3), berberechos(2), empanada(2)","zamburiñas(6), navajas(5), pil pil(3), berberechos(2), empanada(2), gambas(2), ravioli(2), solomillo(2), coulant(2), helado(2), lubina(2), arroz seco(2), pulpo asado(2), jamón(1), croqueta(1)",,"servicio, comida, restaurante, calidad, platos"
101,The Market Madrid,"Calle Clara del Rey, 24",100,4.7,4.28,86.0,1.0,13.0,13,20,67,19,1,1,12,63,85,37,37,4,1,0,6,33,8,2,0,12,63.0,85.0,37.0,37.0,4.0,1.0,0.0,6.0,33.0,8.0,2.0,0.0,12.0,62,81,36,35,4,0,0,6,30,7,2,0,11,0,3,1,2,0,1,0,0,2,1,0,0,1,4.75,4.64,4.57,4.59,5.0,2.0,,4.83,4.55,4.38,4.5,,4.58,True,True,True,True,False,False,False,False,True,False,False,False,True,False,False,False,False,False,False,"ravioli(4), dorada(4), migas(3), merluza(3), sobrasada(2)","ravioli(4), dorada(4), migas(3), merluza(3), sobrasada(2), morcilla(2), bacalao(2), mejillones(2), secreto(2), entraña(2), ensaladilla rusa(2), oreja(1), presa(1), salmorejo(1), gambas(1)",,"platos, comida, carta, servicio, calidad"
102,Amicis,"Plaza del Conde de Miranda, 4",100,4.5,3.89,69.0,8.0,23.0,23,23,60,9,8,6,17,68,78,22,24,14,5,0,4,29,17,0,1,15,68.0,78.0,22.0,24.0,14.0,5.0,0.0,4.0,29.0,17.0,0.0,1.0,15.0,53,63,19,16,9,4,0,3,24,15,0,1,13,10,9,3,4,3,0,0,0,3,1,0,0,1,4.21,4.33,4.5,3.88,3.79,4.6,,4.25,4.41,4.65,,5.0,4.53,True,True,True,True,True,False,False,False,True,True,False,False,True,False,False,False,False,False,False,"tarta(4), filete(4), croquetas(4), pasta(3), arroz(2)","tarta(4), filete(4), croquetas(4), pasta(3), arroz(2), lubina(2), pulpo(2), berenjenas(2), risotto(2), patatas bravas(2), chorizo(1), salmón(1), solomillo(1), almejas(1), sangria(1)",,"comida, servicio, buena, restaurante, lugar"
103,Casa Benigna,"Calle Benigno Soto, 9",94,4.5,4.404,87.2,2.1,10.6,10,21,69,13,2,1,9,58,69,36,10,12,2,0,13,27,10,0,11,24,61.7,73.4,38.3,10.6,12.8,2.1,0.0,13.8,28.7,10.6,0.0,11.7,25.5,52,64,33,8,11,2,0,13,22,9,0,10,23,4,3,1,2,1,0,0,0,3,1,0,0,0,4.52,4.67,4.64,3.8,4.58,5.0,,4.69,4.19,4.4,,4.55,4.75,True,True,True,True,True,False,False,True,True,True,False,True,True,False,False,False,False,False,False,"paella(19), salmón ahumado(13), arroz negro(6), fideuá(4), tarta(3)","paella(19), salmón ahumado(13), arroz negro(6), fideuá(4), tarta(3), pasta(2), gazpacho(2), arroz abanda(2), jamón(1), almejas(1), ramen(1), mousse(1), gambas(1)",,"arroces, comida, restaurante, arroz, servicio"
104,Tandoori Station,"Calle de José Ortega y Gasset, 89-91",94,4.4,3.766,66.0,7.4,26.6,25,21,50,12,7,10,15,57,81,29,32,13,5,0,6,28,9,0,1,8,60.6,86.2,30.9,34.0,13.8,5.3,0.0,6.4,29.8,9.6,0.0,1.1,8.5,42,58,21,17,6,3,0,4,17,7,0,0,5,11,17,4,10,4,2,0,2,6,1,0,1,1,4.09,3.99,4.14,3.41,3.31,3.4,,3.83,3.71,4.22,,2.0,3.88,True,True,True,True,True,False,False,False,True,False,False,False,False,False,False,False,False,False,False,"cordero(10), curry(7), naan(6), tandoori station(4), gambas(3)","cordero(10), curry(7), naan(6), tandoori station(4), gambas(3), keema samosa(3), pollo tandoori(3), berenjenas(2), helado(2), korma(2), arroz blanco(2), horno tandoori(2), tikka masala(2), langostinos(1), biryani(1)",,"comida, restaurante, calidad, servicio, platos"
105,Oven Mozzarella Bernabeu,"Avenida Concha Espina, 4",97,4.8,4.381,83.5,3.1,13.4,13,13,76,5,3,3,10,66,71,21,17,11,3,2,8,20,2,0,0,10,68.0,73.2,21.6,17.5,11.3,3.1,2.1,8.2,20.6,2.1,0.0,0.0,10.3,60,63,18,15,9,3,2,8,19,1,0,0,10,5,5,1,1,0,0,0,0,1,0,0,0,0,4.67,4.61,4.67,4.65,4.55,5.0,5.0,5.0,4.75,4.0,,,5.0,True,True,True,True,True,False,False,False,True,False,False,False,True,False,False,False,False,False,False,"pasta(9), tiramisú(3), helado(2), lasaña(2), carbonara(2)","pasta(9), tiramisú(3), helado(2), lasaña(2), carbonara(2), risotto(1), croquetas(1)",,"comida, buena, servicio, atención, excelente"
106,Pizzart Villa Recoletos,"Calle de Recoletos, 10",100,4.8,4.38,84.0,3.0,13.0,13,11,78,6,3,2,11,74,62,26,17,11,6,2,7,21,3,0,0,16,74.0,62.0,26.0,17.0,11.0,6.0,2.0,7.0,21.0,3.0,0.0,0.0,16.0,70,58,23,13,8,6,2,7,20,3,0,0,14,1,2,1,2,1,0,0,0,0,0,0,0,1,4.81,4.76,4.62,4.29,4.27,4.83,5.0,5.0,4.86,5.0,,,4.62,True,True,True,True,True,False,False,False,True,False,False,False,True,False,False,False,False,False,False,"tiramisú(5), pasta(4), margarita(2), focaccia(2), jamón(1)","tiramisú(5), pasta(4), margarita(2), focaccia(2), jamón(1), carbonara(1), mojito(1), helado(1)",,"comida, servicio, pizza, noelia, buena"
107,DokiDOki,"Calle de Villalar, 4",103,4.5,3.583,59.2,17.5,23.3,24,35,44,17,18,3,21,54,74,39,39,16,2,2,3,28,0,0,0,24,52.4,71.8,37.9,37.9,15.5,1.9,1.9,2.9,27.2,0.0,0.0,0.0,23.3,36,49,29,18,7,2,1,2,20,0,0,0,18,7,10,2,8,3,0,0,0,2,0,0,0,2,3.83,3.89,4.13,3.36,3.38,5.0,4.0,4.0,4.14,,,,4.04,True,True,True,True,True,False,False,False,True,False,False,False,True,False,False,False,False,False,False,"gyozas(11), salmón(9), sashimi(3), lubina(3), langostinos(3)","gyozas(11), salmón(9), sashimi(3), lubina(3), langostinos(3), bacalao negro(3), arroz(2), atun(2), cheesecake(2), atún toro(2), atún picante(2), tiramisú(1), mochi(1), rabo(1)",,"comida, calidad, servicio, madrid, local"
108,Taberna del Chato,"Calle de Andrés Mellado, 88",100,4.4,3.57,62.0,8.0,30.0,30,29,47,15,8,8,22,59,53,21,35,14,4,0,7,33,1,1,0,12,59.0,53.0,21.0,35.0,14.0,4.0,0.0,7.0,33.0,1.0,1.0,0.0,12.0,44,38,14,22,8,3,0,3,25,0,1,0,7,10,10,5,7,5,1,0,3,5,1,0,0,3,4.02,3.98,3.86,3.71,3.5,3.5,,3.14,4.21,1.0,5.0,,3.58,True,True,True,True,True,False,False,False,True,False,False,False,True,False,False,False,False,False,False,"solomillo(5), bacalao(4), croquetas(4), jamón(3), salmorejo(3)","solomillo(5), bacalao(4), croquetas(4), jamón(3), salmorejo(3), pulpo(3), ceviche(2), dorada(1), mejillones(1), secreto(1), vermut(1), langostinos(1), tortilla(1)",,"tapas, comida, precio, sitio, servicio"
109,Bresca Lavapies,"Calle de los Tres Peces, 20",96,4.5,3.656,68.8,2.1,29.2,28,24,45,21,2,8,20,50,68,30,21,13,9,2,6,23,3,2,0,8,52.1,70.8,31.2,21.9,13.5,9.4,2.1,6.2,24.0,3.1,2.1,0.0,8.3,39,54,23,14,9,6,1,6,20,1,1,0,6,10,12,6,6,4,2,1,0,2,1,1,0,2,4.06,4.01,3.93,3.62,3.69,3.89,3.0,4.5,4.39,3.33,2.5,,4.0,True,True,True,True,True,False,False,False,True,False,False,False,False,False,False,False,False,False,False,"carbonara(3), lasaña(3), pasta rellena(2), salmón(1), risotto(1)","carbonara(3), lasaña(3), pasta rellena(2), salmón(1), risotto(1), ravioli(1), margarita(1), sangría(1)",,"comida, buena, pasta, servicio, precio"
110,Miyama,"Paseo de la Castellana, 45",103,4.5,4.243,80.6,3.9,15.5,16,8,75,8,4,2,14,52,72,17,19,8,1,2,7,24,2,2,0,9,50.5,69.9,16.5,18.4,7.8,1.0,1.9,6.8,23.3,1.9,1.9,0.0,8.7,50,67,14,17,7,0,1,6,21,1,1,0,8,1,1,1,0,0,0,1,0,1,1,0,0,1,4.85,4.78,4.47,4.63,4.62,3.0,3.5,4.57,4.67,2.5,4.0,,4.56,True,True,True,True,False,False,False,False,True,False,False,False,False,False,False,False,False,False,False,"sushi(7), sashimi(6), arroz(4), bacalao(3), dorada(1)","sushi(7), sashimi(6), arroz(4), bacalao(3), dorada(1), atún(1)",,"calidad, comida, servicio, siempre, platos"
111,Txirimiri Ferraz,"Calle de Ferraz, 28",91,4.5,4.593,89.0,6.6,4.4,4,15,71,10,6,1,3,67,73,18,15,7,0,2,7,24,3,0,0,13,73.6,80.2,19.8,16.5,7.7,0.0,2.2,7.7,26.4,3.3,0.0,0.0,14.3,60,67,16,14,7,0,2,7,24,2,0,0,12,2,1,1,0,0,0,0,0,0,0,0,0,0,4.63,4.68,4.56,4.67,4.71,,5.0,5.0,4.88,4.33,,,4.85,True,True,True,True,False,False,False,False,True,False,False,False,True,False,False,False,False,False,False,"croquetas(7), solomillo(5), bacalao(4), pulpo(4), tempura(2)","croquetas(7), solomillo(5), bacalao(4), pulpo(4), tempura(2), foie(2), entrecot(2), tacos(2), ensaladilla(2), chipirones(2), langostinos(1), chuletón(1), gyozas(1), arroz(1), morcilla(1)",,"comida, servicio, excelente, atención, recomendable"
112,Miyama Flor Baja,"Calle Flor Baja, 5",93,4.5,4.28,82.8,5.4,11.8,11,16,60,17,5,4,7,54,79,22,28,5,4,3,0,28,2,3,0,7,58.1,84.9,23.7,30.1,5.4,4.3,3.2,0.0,30.1,2.2,3.2,0.0,7.5,49,67,20,20,3,3,3,0,21,1,1,0,6,2,8,1,6,1,0,0,0,5,1,0,0,0,4.57,4.33,4.36,3.82,3.8,4.0,4.67,,4.11,3.5,3.67,,4.29,True,True,True,True,False,False,False,False,True,False,False,False,False,False,False,False,False,False,False,"sashimi(7), arroz(5), tempura(3), bogavante(2), sushi miyama(2)","sashimi(7), arroz(5), tempura(3), bogavante(2), sushi miyama(2), salmón(2), bacalao(1), rodaballo(1), atun(1), pulpo(1), pimientos(1), gyozas(1)",,"comida, calidad, servicio, excelente, madrid"
113,Casa Carola,"Calle Padilla, 54",94,4.5,4.415,87.2,2.1,10.6,10,15,67,15,2,4,6,64,56,16,25,11,2,0,8,39,0,1,0,15,68.1,59.6,17.0,26.6,11.7,2.1,0.0,8.5,41.5,0.0,1.1,0.0,16.0,62,51,16,23,9,2,0,8,37,0,1,0,13,0,3,0,1,1,0,0,0,2,0,0,0,0,4.83,4.59,4.69,4.6,4.27,5.0,,4.62,4.67,,4.0,,4.4,True,True,True,True,True,False,False,False,True,False,False,False,True,False,False,False,False,False,False,"croquetas(5), chorizo morcilla(3), morcilla tocino(3), tarta(2), tiramisú(2)","croquetas(5), chorizo morcilla(3), morcilla tocino(3), tarta(2), tiramisú(2), flan(2), leche frita(2), jamón serrano(2), serrano chorizo(2), pollo chorizo(2), mousse(1), helado(1)",,"cocido, comida, servicio, excelente, madrid"
114,Davanti Food & Market,"Calle de Augusto Figueroa, 41",97,4.7,4.247,81.4,4.1,14.4,14,20,68,11,4,2,12,59,68,36,24,8,3,1,8,30,2,0,1,16,60.8,70.1,37.1,24.7,8.2,3.1,1.0,8.2,30.9,2.1,0.0,1.0,16.5,53,63,32,20,3,3,1,7,27,1,0,1,13,3,2,2,3,5,0,0,1,3,1,0,0,2,4.58,4.66,4.56,4.17,2.5,5.0,5.0,4.38,4.47,3.0,,5.0,4.38,True,True,True,True,False,False,False,False,True,False,False,False,True,False,False,False,False,False,False,"tagliatelle(5), carbonara(4), tiramisu(4), lasaña(4), pasta rellena(2)","tagliatelle(5), carbonara(4), tiramisu(4), lasaña(4), pasta rellena(2), pasta alla(2), postre tiramisú(2), mejillones(1), almejas(1), langostinos(1), ravioli(1)",,"comida, pasta, restaurante, servicio, atención"
115,Taberna el Arco,"Calle de las Huertas, 7",100,4.4,4.3,82.0,4.0,14.0,14,16,73,9,4,3,11,65,68,17,15,6,6,2,13,24,0,0,0,7,65.0,68.0,17.0,15.0,6.0,6.0,2.0,13.0,24.0,0.0,0.0,0.0,7.0,59,62,15,13,5,4,2,13,23,0,0,0,7,3,3,0,1,1,0,0,0,0,0,0,0,0,4.68,4.66,4.65,4.6,4.5,4.33,5.0,4.69,4.79,,,,4.86,True,True,True,True,False,False,False,True,True,False,False,False,False,False,False,False,False,False,False,"ceviche(3), calamares(2), pulpo(2), arroz negro(2), crema catalana(2)","ceviche(3), calamares(2), pulpo(2), arroz negro(2), crema catalana(2), paella valenciana(2), anchoas(1), pimientos(1), berenjenas(1), curry(1), bogavante(1), chorizo(1)",,"comida, paella, buena, excelente, servicio"
116,Restaurante PAIPÁI,"Plaza del Perú, 4",94,4.5,3.989,75.5,4.3,20.2,19,18,55,16,4,5,14,55,81,29,20,15,1,3,7,34,3,2,0,18,58.5,86.2,30.9,21.3,16.0,1.1,3.2,7.4,36.2,3.2,2.1,0.0,19.1,44,67,24,16,12,1,3,5,26,3,2,0,14,7,11,2,4,1,0,0,2,7,0,0,0,2,4.2,4.22,4.28,4.2,4.33,5.0,4.33,3.71,4.03,4.67,4.5,,4.28,True,True,True,True,True,False,False,False,True,False,False,False,True,False,False,False,False,False,False,"salmón(8), ceviche(7), arroz(5), foie(5), langostinos(2)","salmón(8), ceviche(7), arroz(5), foie(5), langostinos(2), albóndigas(2), gyozas(2), tacos(2), mejillones(2), gambas(2), croqueta(1), helado(1), torrijas(1), crepe(1)",,"comida, platos, restaurante, servicio, calidad"
117,El Rincon del Cabo,"Calle Lavapiés, 8",103,4.7,4.078,77.7,3.9,18.4,19,22,63,17,4,6,13,60,66,44,23,7,5,1,5,33,1,0,0,6,58.3,64.1,42.7,22.3,6.8,4.9,1.0,4.9,32.0,1.0,0.0,0.0,5.8,55,56,40,18,5,5,1,4,28,1,0,0,5,4,6,2,3,2,0,0,1,3,0,0,0,1,4.53,4.42,4.5,4.26,4.0,4.6,4.0,4.2,4.55,5.0,,,4.5,True,True,True,True,False,False,False,False,True,False,False,False,False,False,False,False,False,False,False,"jamon(4), bizcocho(3), albóndigas(3), pil pil(3), morcilla picante(3)","jamon(4), bizcocho(3), albóndigas(3), pil pil(3), morcilla picante(3), empanadas argentinas(3), pulpo(2), mojo(2), tostas(2), ensaladilla(2), pasta(1), guacamole(1), salmón(1), ceviche(1)",,"comida, sitio, croquetas, ambiente, recomendable"
118,Curry Masala,"Calle Silva, 16",103,4.5,4.01,74.8,3.9,21.4,22,16,67,10,4,4,18,62,80,24,16,12,4,6,6,37,1,0,0,7,60.2,77.7,23.3,15.5,11.7,3.9,5.8,5.8,35.9,1.0,0.0,0.0,6.8,60,70,21,15,11,3,5,6,31,0,0,0,6,1,7,1,1,0,1,0,0,5,0,0,0,1,4.79,4.5,4.58,4.75,4.67,4.25,4.67,5.0,4.35,3.0,,,4.14,True,True,True,True,True,False,False,False,True,False,False,False,False,False,False,False,False,False,False,"naan(7), arroz(6), tikka masala(5), cordero(4), tandoori(2)","naan(7), arroz(6), tikka masala(5), cordero(4), tandoori(2), langostinos(2), curry masala(2), korma(1), gambas(1), bizcocho(1), biryani(1)",,"comida, servicio, excelente, buena, restaurante"
119,Tampu,"Calle Prim, 13",96,4.5,4.323,82.3,6.2,11.5,11,22,65,14,6,5,6,68,79,36,23,9,2,0,5,43,0,1,0,15,70.8,82.3,37.5,24.0,9.4,2.1,0.0,5.2,44.8,0.0,1.0,0.0,15.6,59,69,29,18,6,1,0,2,38,0,1,0,12,4,4,4,2,2,1,0,1,3,0,0,0,3,4.51,4.54,4.33,4.26,4.0,3.5,,3.6,4.56,,5.0,,4.33,True,True,True,True,False,False,False,False,True,False,False,False,True,False,False,False,False,False,False,"lomo saltado(7), ceviche amazónico(5), ceviche pachamanquero(3), zamburiñas(2), croquetas(2)","lomo saltado(7), ceviche amazónico(5), ceviche pachamanquero(3), zamburiñas(2), croquetas(2), tiradito(2), langostinos granizado(2), wakame edamame(2), edamame aguacate(2), pachamanquero langostinos(2), langostinos chipirón(2), chipirón pulpo(2), pulpo mejillón(2)",,"comida, servicio, platos, atención, excelente"
120,Mesón Molinero,"Calle Alhambra, 72",100,4.7,4.23,80.0,4.0,16.0,16,19,73,7,4,2,14,72,73,13,14,6,2,0,17,26,2,0,0,8,72.0,73.0,13.0,14.0,6.0,2.0,0.0,17.0,26.0,2.0,0.0,0.0,8.0,67,64,12,8,6,1,0,14,24,2,0,0,7,4,5,0,4,0,0,0,2,2,0,0,0,0,4.69,4.56,4.69,3.57,4.83,4.0,,4.35,4.65,4.5,,,4.62,True,True,True,True,False,False,False,True,True,False,False,False,False,False,False,False,False,False,False,"pulpo(14), chipirones(6), entrecot(3), tarta(3), jamón(3)","pulpo(14), chipirones(6), entrecot(3), tarta(3), jamón(3), cocochas(3), lechazo(2), buñuelos(1), gambas(1), callos(1), migas(1), lubina(1), flan(1), churros(1), solomillo(1)",,"comida, calidad, trato, carne, cordero"
121,La Carbonera Madrid,"Calle de Bernardo Lopez Garcia, 11",94,4.7,4.564,91.5,1.1,7.4,7,13,72,14,1,3,4,52,50,35,13,2,5,0,4,36,3,0,0,19,55.3,53.2,37.2,13.8,2.1,5.3,0.0,4.3,38.3,3.2,0.0,0.0,20.2,49,47,32,9,0,3,0,4,35,3,0,0,19,2,2,2,3,2,1,0,0,1,0,0,0,0,4.67,4.66,4.57,3.92,2.0,4.0,,4.5,4.81,4.67,,,4.89,True,True,True,True,False,False,False,False,True,False,False,False,True,False,False,False,False,False,False,"ensaladilla(3), tarta(2), tartaleta(1), lomo(1), albóndigas(1)","ensaladilla(3), tarta(2), tartaleta(1), lomo(1), albóndigas(1), cordero(1), cecina(1)",,"quesos, vinos, experiencia, quesos vinos, cata"
122,Sazón-arte,"Calle Menorca, 19",106,4.8,3.991,77.4,2.8,19.8,21,26,62,20,3,3,18,60,77,33,24,7,1,1,2,43,2,0,0,13,56.6,72.6,31.1,22.6,6.6,0.9,0.9,1.9,40.6,1.9,0.0,0.0,12.3,57,72,31,22,7,1,1,2,39,2,0,0,11,3,2,0,1,0,0,0,0,3,0,0,0,2,4.58,4.61,4.61,4.46,4.71,5.0,4.0,4.0,4.56,4.5,,,4.31,True,True,True,True,False,False,False,False,True,False,False,False,True,False,False,False,False,False,False,"pulpo(9), oreja(4), carrillera(3), salmorejo(1), helado(1)","pulpo(9), oreja(4), carrillera(3), salmorejo(1), helado(1), carrillada(1), coulant(1), lubina(1), chorizo(1), guacamole(1)",,"comida, platos, sitio, calidad, siempre"
123,Kaiten Sushi Madrid,"Calle de San Bernardo, 10",108,4.6,3.981,75.9,4.6,19.4,21,12,65,17,5,1,20,45,72,15,9,11,1,8,11,20,0,0,1,8,41.7,66.7,13.9,8.3,10.2,0.9,7.4,10.2,18.5,0.0,0.0,0.9,7.4,41,64,15,7,10,1,8,11,20,0,0,1,7,0,3,0,1,0,0,0,0,0,0,0,0,0,4.6,4.51,4.6,4.22,4.55,4.0,4.62,4.82,4.8,,,5.0,4.5,True,True,True,False,True,False,False,True,True,False,False,False,False,False,False,False,False,False,False,"ramen(4), navajas(1), arroz(1)","ramen(4), navajas(1), arroz(1)",,"comida, buena, experiencia, platos, variedad"
124,Oliveto,"Calle Santa Isabel, 45",100,4.7,4.09,78.0,6.0,16.0,16,21,60,18,6,3,13,63,77,44,35,5,4,1,8,34,7,1,0,17,63.0,77.0,44.0,35.0,5.0,4.0,1.0,8.0,34.0,7.0,1.0,0.0,17.0,57,70,40,32,4,4,1,7,29,4,1,0,15,3,2,1,2,1,0,0,1,2,3,0,0,2,4.51,4.55,4.52,4.54,4.4,5.0,4.0,4.38,4.41,3.29,4.0,,4.41,True,True,True,True,False,False,False,False,True,False,False,False,True,False,False,False,False,False,False,"pasta(20), tiramisú(9), risotto(3), helado(3), jamón(2)","pasta(20), tiramisú(9), risotto(3), helado(3), jamón(2), mejillones(2), cecina(2), berenjenas(1), carrillera(1), tartaleta(1), carbonara(1), lasaña(1), coulant(1), bogavante(1), margarita(1)",,"comida, restaurante, buena, precio, acogedor"
125,Dans Le Noir ?,"Plaza del Biombo, 5",91,4.6,4.44,85.7,2.2,12.1,11,22,67,11,2,8,3,69,66,15,14,9,4,0,10,36,5,8,2,36,75.8,72.5,16.5,15.4,9.9,4.4,0.0,11.0,39.6,5.5,8.8,2.2,39.6,63,54,13,7,7,3,0,8,29,4,8,1,36,6,10,2,6,2,1,0,2,6,1,0,1,0,4.62,4.32,4.4,3.29,4.22,3.75,,4.2,4.25,4.4,4.88,2.5,4.86,True,True,True,True,False,False,False,True,True,False,False,False,True,False,False,False,False,False,False,"atún(1), carrillera(1), empanadas(1), croquetas(1), bacalao(1)","atún(1), carrillera(1), empanadas(1), croquetas(1), bacalao(1), pulpo(1), tarta(1)",,"experiencia, comida, sam, menú, gracias"
